event-id,visible,timestamp,location-long,location-lat,sensor-type,individual-taxon-canonical-name,tag-local-identifier,individual-local-identifier,study-name
25404578671,true,2021-07-30 06:49:05.000,-101.601379686615,41.199559411832,"solar-geolocator","Petrochelidon pyrrhonota","H03","2401-22580","CLSW_Nebraska_2022"
25404578672,true,2021-07-30 18:47:57.000,-101.594364169902,41.2000524149394,"solar-geolocator","Petrochelidon pyrrhonota","H03","2401-22580","CLSW_Nebraska_2022"
25404578673,true,2021-07-31 06:50:13.000,-101.593206211305,41.2049974661326,"solar-geolocator","Petrochelidon pyrrhonota","H03","2401-22580","CLSW_Nebraska_2022"
25404578674,true,2021-07-31 18:49:30.000,-101.578106260033,41.1789739650009,"solar-geolocator","Petrochelidon pyrrhonota","H03","2401-22580","CLSW_Nebraska_2022"
25404578675,true,2021-08-01 06:48:17.000,-101.606542429852,41.1975763976279,"solar-geolocator","Petrochelidon pyrrhonota","H03","2401-22580","CLSW_Nebraska_2022"
25404578676,true,2021-08-01 18:50:00.000,-101.603498937548,41.2233206720637,"solar-geolocator","Petrochelidon pyrrhonota","H03","2401-22580","CLSW_Nebraska_2022"
25404578677,true,2021-08-02 06:50:06.000,-101.62426548784,41.1920583293616,"solar-geolocator","Petrochelidon pyrrhonota","H03","2401-22580","CLSW_Nebraska_2022"
25404578678,true,2021-08-02 18:48:45.000,-101.611052879014,41.1806820117357,"solar-geolocator","Petrochelidon pyrrhonota","H03","2401-22580","CLSW_Nebraska_2022"
25404578679,true,2021-08-03 06:50:26.000,-101.599505640993,41.197609307663,"solar-geolocator","Petrochelidon pyrrhonota","H03","2401-22580","CLSW_Nebraska_2022"
25404578680,true,2021-08-03 18:49:38.000,-101.589752859259,41.2104831019627,"solar-geolocator","Petrochelidon pyrrhonota","H03","2401-22580","CLSW_Nebraska_2022"
25404578681,true,2021-08-04 06:50:51.000,-101.582346845676,41.1967404498234,"solar-geolocator","Petrochelidon pyrrhonota","H03","2401-22580","CLSW_Nebraska_2022"
25404578682,true,2021-08-04 18:49:36.000,-101.568947330034,41.202361653926,"solar-geolocator","Petrochelidon pyrrhonota","H03","2401-22580","CLSW_Nebraska_2022"
25404578683,true,2021-08-05 06:53:51.000,-101.606335981839,41.2112560277834,"solar-geolocator","Petrochelidon pyrrhonota","H03","2401-22580","CLSW_Nebraska_2022"
25404578684,true,2021-08-05 18:54:02.000,-101.601161287828,41.203913121065,"solar-geolocator","Petrochelidon pyrrhonota","H03","2401-22580","CLSW_Nebraska_2022"
25404578685,true,2021-08-06 06:52:59.000,-101.600026816041,41.1993755880538,"solar-geolocator","Petrochelidon pyrrhonota","H03","2401-22580","CLSW_Nebraska_2022"
25404578686,true,2021-08-06 18:51:31.000,-101.588490981525,41.2098283176267,"solar-geolocator","Petrochelidon pyrrhonota","H03","2401-22580","CLSW_Nebraska_2022"
25404578687,true,2021-08-07 06:54:49.000,-101.58894913843,41.2030199573618,"solar-geolocator","Petrochelidon pyrrhonota","H03","2401-22580","CLSW_Nebraska_2022"
25404578688,true,2021-08-07 18:47:00.000,-101.567586404669,41.211139121685,"solar-geolocator","Petrochelidon pyrrhonota","H03","2401-22580","CLSW_Nebraska_2022"
25404578689,true,2021-08-08 06:45:06.000,-101.604591968458,41.195504283013,"solar-geolocator","Petrochelidon pyrrhonota","H03","2401-22580","CLSW_Nebraska_2022"
25404578690,true,2021-08-08 18:53:22.000,-101.583281027642,41.2019731184496,"solar-geolocator","Petrochelidon pyrrhonota","H03","2401-22580","CLSW_Nebraska_2022"
25404578691,true,2021-08-09 06:51:21.000,-101.601997588384,41.2133094499117,"solar-geolocator","Petrochelidon pyrrhonota","H03","2401-22580","CLSW_Nebraska_2022"
25404578692,true,2021-08-09 18:51:20.000,-101.600634658831,41.205541458529,"solar-geolocator","Petrochelidon pyrrhonota","H03","2401-22580","CLSW_Nebraska_2022"
25404578693,true,2021-08-10 06:53:31.000,-101.607744461704,41.1997824575494,"solar-geolocator","Petrochelidon pyrrhonota","H03","2401-22580","CLSW_Nebraska_2022"
25404578694,true,2021-08-10 18:52:42.000,-101.608404731831,41.1881908485439,"solar-geolocator","Petrochelidon pyrrhonota","H03","2401-22580","CLSW_Nebraska_2022"
25404578695,true,2021-08-11 06:51:36.000,-101.594378751306,41.2061925807604,"solar-geolocator","Petrochelidon pyrrhonota","H03","2401-22580","CLSW_Nebraska_2022"
25404578696,true,2021-08-11 18:51:31.000,-101.580134726803,41.2016400167809,"solar-geolocator","Petrochelidon pyrrhonota","H03","2401-22580","CLSW_Nebraska_2022"
25404578697,true,2021-08-12 06:51:59.000,-101.58575968207,41.1920171676684,"solar-geolocator","Petrochelidon pyrrhonota","H03","2401-22580","CLSW_Nebraska_2022"
25404578698,true,2021-08-12 18:45:07.000,-101.613448467071,41.1854202591558,"solar-geolocator","Petrochelidon pyrrhonota","H03","2401-22580","CLSW_Nebraska_2022"
25404578699,true,2021-08-13 06:55:28.000,-101.603011075141,41.1888498344158,"solar-geolocator","Petrochelidon pyrrhonota","H03","2401-22580","CLSW_Nebraska_2022"
25404578700,true,2021-08-13 19:00:33.000,-101.586649806624,41.1968999495298,"solar-geolocator","Petrochelidon pyrrhonota","H03","2401-22580","CLSW_Nebraska_2022"
25404578701,true,2021-08-14 06:50:35.000,-101.594054560736,41.1998486447758,"solar-geolocator","Petrochelidon pyrrhonota","H03","2401-22580","CLSW_Nebraska_2022"
25404578702,true,2021-08-14 18:50:22.000,-101.852821319836,41.8326104340586,"solar-geolocator","Petrochelidon pyrrhonota","H03","2401-22580","CLSW_Nebraska_2022"
25404578703,true,2021-08-15 06:53:27.000,-102.214418390907,42.6808958232466,"solar-geolocator","Petrochelidon pyrrhonota","H03","2401-22580","CLSW_Nebraska_2022"
25404578704,true,2021-08-15 18:53:29.000,-102.072423325259,43.276782267241,"solar-geolocator","Petrochelidon pyrrhonota","H03","2401-22580","CLSW_Nebraska_2022"
25404578705,true,2021-08-16 06:51:10.000,-101.743780816521,44.033428325486,"solar-geolocator","Petrochelidon pyrrhonota","H03","2401-22580","CLSW_Nebraska_2022"
25404578706,true,2021-08-16 18:51:28.000,-101.795936108036,44.2621187013048,"solar-geolocator","Petrochelidon pyrrhonota","H03","2401-22580","CLSW_Nebraska_2022"
25404578707,true,2021-08-17 06:52:25.000,-101.990095071095,44.4827140129238,"solar-geolocator","Petrochelidon pyrrhonota","H03","2401-22580","CLSW_Nebraska_2022"
25404578708,true,2021-08-17 18:50:02.000,-101.72499564505,44.4803822550426,"solar-geolocator","Petrochelidon pyrrhonota","H03","2401-22580","CLSW_Nebraska_2022"
25404578709,true,2021-08-18 06:50:30.000,-101.635447667523,44.3507299200352,"solar-geolocator","Petrochelidon pyrrhonota","H03","2401-22580","CLSW_Nebraska_2022"
25404578710,true,2021-08-18 18:50:16.000,-101.674951109033,44.2765255910941,"solar-geolocator","Petrochelidon pyrrhonota","H03","2401-22580","CLSW_Nebraska_2022"
25404578711,true,2021-08-19 06:50:59.000,-101.720334906532,44.2782037755532,"solar-geolocator","Petrochelidon pyrrhonota","H03","2401-22580","CLSW_Nebraska_2022"
25404578712,true,2021-08-19 18:48:19.000,-101.43332277642,44.2512481925268,"solar-geolocator","Petrochelidon pyrrhonota","H03","2401-22580","CLSW_Nebraska_2022"
25404578713,true,2021-08-20 06:51:55.000,-101.100057229514,44.2941584644984,"solar-geolocator","Petrochelidon pyrrhonota","H03","2401-22580","CLSW_Nebraska_2022"
25404578714,true,2021-08-20 18:45:08.000,-100.417675589712,44.4434343612286,"solar-geolocator","Petrochelidon pyrrhonota","H03","2401-22580","CLSW_Nebraska_2022"
25404578715,true,2021-08-21 06:39:47.000,-100.164424987937,44.578876670314,"solar-geolocator","Petrochelidon pyrrhonota","H03","2401-22580","CLSW_Nebraska_2022"
25404578716,true,2021-08-21 18:45:54.000,-100.593069780155,44.7034187095907,"solar-geolocator","Petrochelidon pyrrhonota","H03","2401-22580","CLSW_Nebraska_2022"
25404578717,true,2021-08-22 06:46:38.000,-100.982189453012,44.9926279366641,"solar-geolocator","Petrochelidon pyrrhonota","H03","2401-22580","CLSW_Nebraska_2022"
25404578718,true,2021-08-22 18:42:45.000,-100.946455839018,45.1402296117938,"solar-geolocator","Petrochelidon pyrrhonota","H03","2401-22580","CLSW_Nebraska_2022"
25404578719,true,2021-08-23 06:48:16.000,-101.284230536768,45.2665963831418,"solar-geolocator","Petrochelidon pyrrhonota","H03","2401-22580","CLSW_Nebraska_2022"
25404578720,true,2021-08-23 18:52:26.000,-101.653465591421,45.3850961515966,"solar-geolocator","Petrochelidon pyrrhonota","H03","2401-22580","CLSW_Nebraska_2022"
25404578721,true,2021-08-24 06:49:28.000,-101.738847560581,45.5375937016181,"solar-geolocator","Petrochelidon pyrrhonota","H03","2401-22580","CLSW_Nebraska_2022"
25404578722,true,2021-08-24 18:48:39.000,-101.84267779509,45.505597782692,"solar-geolocator","Petrochelidon pyrrhonota","H03","2401-22580","CLSW_Nebraska_2022"
25404578723,true,2021-08-25 06:51:21.000,-102.122896853155,45.3919417335282,"solar-geolocator","Petrochelidon pyrrhonota","H03","2401-22580","CLSW_Nebraska_2022"
25404578724,true,2021-08-25 18:50:37.000,-102.213958693952,45.3261658724317,"solar-geolocator","Petrochelidon pyrrhonota","H03","2401-22580","CLSW_Nebraska_2022"
25404578725,true,2021-08-26 06:50:10.000,-102.106921173721,45.3131341551553,"solar-geolocator","Petrochelidon pyrrhonota","H03","2401-22580","CLSW_Nebraska_2022"
25404578726,true,2021-08-26 18:48:22.000,-101.819485923074,45.2290905483703,"solar-geolocator","Petrochelidon pyrrhonota","H03","2401-22580","CLSW_Nebraska_2022"
25404578727,true,2021-08-27 06:49:04.000,-101.689594644214,45.3484258269315,"solar-geolocator","Petrochelidon pyrrhonota","H03","2401-22580","CLSW_Nebraska_2022"
25404578728,true,2021-08-27 18:48:05.000,-101.582098530148,45.52257504874,"solar-geolocator","Petrochelidon pyrrhonota","H03","2401-22580","CLSW_Nebraska_2022"
25404578729,true,2021-08-28 06:46:27.000,-101.269299440291,45.5984022151654,"solar-geolocator","Petrochelidon pyrrhonota","H03","2401-22580","CLSW_Nebraska_2022"
25404578730,true,2021-08-28 18:45:15.000,-101.309439800782,45.5765721910656,"solar-geolocator","Petrochelidon pyrrhonota","H03","2401-22580","CLSW_Nebraska_2022"
25404578731,true,2021-08-29 06:50:20.000,-101.599442282167,45.5971930168031,"solar-geolocator","Petrochelidon pyrrhonota","H03","2401-22580","CLSW_Nebraska_2022"
25404578732,true,2021-08-29 18:51:03.000,-101.983952802045,45.6714483722172,"solar-geolocator","Petrochelidon pyrrhonota","H03","2401-22580","CLSW_Nebraska_2022"
25404578733,true,2021-08-30 06:48:05.000,-101.809983764446,45.6690823769746,"solar-geolocator","Petrochelidon pyrrhonota","H03","2401-22580","CLSW_Nebraska_2022"
25404578734,true,2021-08-30 18:46:48.000,-101.84661089403,45.2472773879995,"solar-geolocator","Petrochelidon pyrrhonota","H03","2401-22580","CLSW_Nebraska_2022"
25404578735,true,2021-08-31 06:48:44.000,-101.990614813455,45.0371023021974,"solar-geolocator","Petrochelidon pyrrhonota","H03","2401-22580","CLSW_Nebraska_2022"
25404578736,true,2021-08-31 18:47:05.000,-101.910659741421,44.7390764394558,"solar-geolocator","Petrochelidon pyrrhonota","H03","2401-22580","CLSW_Nebraska_2022"
25404578737,true,2021-09-01 06:48:08.000,-101.947164402584,44.3654954433653,"solar-geolocator","Petrochelidon pyrrhonota","H03","2401-22580","CLSW_Nebraska_2022"
25404578738,true,2021-09-01 18:48:18.000,-102.292821335108,43.9834119317265,"solar-geolocator","Petrochelidon pyrrhonota","H03","2401-22580","CLSW_Nebraska_2022"
25404578739,true,2021-09-02 06:48:34.000,-101.94738856188,43.1235160381747,"solar-geolocator","Petrochelidon pyrrhonota","H03","2401-22580","CLSW_Nebraska_2022"
25404578740,true,2021-09-02 18:35:58.000,-100.36379419116,37.616685226665,"solar-geolocator","Petrochelidon pyrrhonota","H03","2401-22580","CLSW_Nebraska_2022"
25404578741,true,2021-09-03 06:38:55.000,-100.052949086782,33.7108898820875,"solar-geolocator","Petrochelidon pyrrhonota","H03","2401-22580","CLSW_Nebraska_2022"
25404578742,true,2021-09-03 18:40:43.000,-101.094719204916,32.4014624687903,"solar-geolocator","Petrochelidon pyrrhonota","H03","2401-22580","CLSW_Nebraska_2022"
25404578743,true,2021-09-04 06:47:58.000,-102.287704553374,31.01530687108,"solar-geolocator","Petrochelidon pyrrhonota","H03","2401-22580","CLSW_Nebraska_2022"
25404578744,true,2021-09-04 18:49:42.000,-102.474706341896,30.7082239573099,"solar-geolocator","Petrochelidon pyrrhonota","H03","2401-22580","CLSW_Nebraska_2022"
25404578745,true,2021-09-05 06:45:52.000,-101.793134269489,30.2774114525062,"solar-geolocator","Petrochelidon pyrrhonota","H03","2401-22580","CLSW_Nebraska_2022"
25404578746,true,2021-09-05 18:41:19.000,-100.864342974743,29.9974833364706,"solar-geolocator","Petrochelidon pyrrhonota","H03","2401-22580","CLSW_Nebraska_2022"
25404578747,true,2021-09-06 06:40:55.000,-100.663505816494,29.7594123586156,"solar-geolocator","Petrochelidon pyrrhonota","H03","2401-22580","CLSW_Nebraska_2022"
25404578748,true,2021-09-06 18:49:37.000,-103.499818850234,29.2511398933835,"solar-geolocator","Petrochelidon pyrrhonota","H03","2401-22580","CLSW_Nebraska_2022"
25404578749,true,2021-09-07 06:53:21.000,-103.922176036739,27.957236183809,"solar-geolocator","Petrochelidon pyrrhonota","H03","2401-22580","CLSW_Nebraska_2022"
25404578750,true,2021-09-07 18:46:16.000,-102.161194673317,27.4930557481467,"solar-geolocator","Petrochelidon pyrrhonota","H03","2401-22580","CLSW_Nebraska_2022"
25404578751,true,2021-09-08 06:42:14.000,-101.126141266678,26.9127819143522,"solar-geolocator","Petrochelidon pyrrhonota","H03","2401-22580","CLSW_Nebraska_2022"
25404578752,true,2021-09-08 18:38:15.000,-100.338033470087,25.8166004848702,"solar-geolocator","Petrochelidon pyrrhonota","H03","2401-22580","CLSW_Nebraska_2022"
25404578753,true,2021-09-09 06:36:48.000,-99.5389724352614,23.5748615391581,"solar-geolocator","Petrochelidon pyrrhonota","H03","2401-22580","CLSW_Nebraska_2022"
25404578754,true,2021-09-09 18:30:04.000,-98.3162887799346,22.6831827001502,"solar-geolocator","Petrochelidon pyrrhonota","H03","2401-22580","CLSW_Nebraska_2022"
25404578755,true,2021-09-10 06:25:21.000,-97.5450664882854,21.9065130015481,"solar-geolocator","Petrochelidon pyrrhonota","H03","2401-22580","CLSW_Nebraska_2022"
25404578756,true,2021-09-10 18:25:17.000,-97.9504264987514,21.815046869425,"solar-geolocator","Petrochelidon pyrrhonota","H03","2401-22580","CLSW_Nebraska_2022"
25404578757,true,2021-09-11 06:24:37.000,-97.6452810019125,21.6389586006578,"solar-geolocator","Petrochelidon pyrrhonota","H03","2401-22580","CLSW_Nebraska_2022"
25404578758,true,2021-09-11 18:17:52.000,-95.3869634076297,21.2394814386609,"solar-geolocator","Petrochelidon pyrrhonota","H03","2401-22580","CLSW_Nebraska_2022"
25404578759,true,2021-09-12 06:18:05.000,-95.3248773744662,21.0231794533259,"solar-geolocator","Petrochelidon pyrrhonota","H03","2401-22580","CLSW_Nebraska_2022"
25404578760,true,2021-09-12 18:15:59.000,-95.0832810239296,20.6331468420303,"solar-geolocator","Petrochelidon pyrrhonota","H03","2401-22580","CLSW_Nebraska_2022"
25404578761,true,2021-09-13 06:14:20.000,-94.7050361877427,20.1672287971111,"solar-geolocator","Petrochelidon pyrrhonota","H03","2401-22580","CLSW_Nebraska_2022"
25404578762,true,2021-09-13 18:15:55.000,-95.4979771367836,18.837116044675,"solar-geolocator","Petrochelidon pyrrhonota","H03","2401-22580","CLSW_Nebraska_2022"
25404578763,true,2021-09-14 06:11:36.000,-92.6992157843489,18.0725984978087,"solar-geolocator","Petrochelidon pyrrhonota","H03","2401-22580","CLSW_Nebraska_2022"
25404578764,true,2021-09-14 18:09:02.000,-93.1586617062865,17.7085800433394,"solar-geolocator","Petrochelidon pyrrhonota","H03","2401-22580","CLSW_Nebraska_2022"
25404578765,true,2021-09-15 06:08:28.000,-92.825435594816,17.4961841099972,"solar-geolocator","Petrochelidon pyrrhonota","H03","2401-22580","CLSW_Nebraska_2022"
25404578766,true,2021-09-15 18:04:17.000,-92.3673131647916,17.5590312128243,"solar-geolocator","Petrochelidon pyrrhonota","H03","2401-22580","CLSW_Nebraska_2022"
25404578767,true,2021-09-16 06:00:45.000,-91.2587849278221,17.632596586494,"solar-geolocator","Petrochelidon pyrrhonota","H03","2401-22580","CLSW_Nebraska_2022"
25404578768,true,2021-09-16 17:59:43.000,-91.6023151553019,17.6402930373202,"solar-geolocator","Petrochelidon pyrrhonota","H03","2401-22580","CLSW_Nebraska_2022"
25404578769,true,2021-09-17 06:03:43.000,-92.0312425871139,17.6429593183737,"solar-geolocator","Petrochelidon pyrrhonota","H03","2401-22580","CLSW_Nebraska_2022"
25404578770,true,2021-09-17 18:00:09.000,-91.4988406526455,17.4912605889758,"solar-geolocator","Petrochelidon pyrrhonota","H03","2401-22580","CLSW_Nebraska_2022"
25404578771,true,2021-09-18 05:58:46.000,-91.2151571122259,17.3559845067649,"solar-geolocator","Petrochelidon pyrrhonota","H03","2401-22580","CLSW_Nebraska_2022"
25404578772,true,2021-09-18 18:03:26.000,-92.3188502748606,17.2675927658916,"solar-geolocator","Petrochelidon pyrrhonota","H03","2401-22580","CLSW_Nebraska_2022"
25404578773,true,2021-09-19 06:03:23.000,-92.4294784606765,17.2088035842081,"solar-geolocator","Petrochelidon pyrrhonota","H03","2401-22580","CLSW_Nebraska_2022"
25404578774,true,2021-09-19 18:02:20.000,-92.2488954952375,17.2287072667279,"solar-geolocator","Petrochelidon pyrrhonota","H03","2401-22580","CLSW_Nebraska_2022"
25404578775,true,2021-09-20 06:02:48.000,-92.3061039270913,17.3459061204952,"solar-geolocator","Petrochelidon pyrrhonota","H03","2401-22580","CLSW_Nebraska_2022"
25404578776,true,2021-09-20 18:02:01.000,-92.2835925479087,17.217222087652,"solar-geolocator","Petrochelidon pyrrhonota","H03","2401-22580","CLSW_Nebraska_2022"
25404578777,true,2021-09-21 06:00:39.000,-91.7028628042622,17.2063552684278,"solar-geolocator","Petrochelidon pyrrhonota","H03","2401-22580","CLSW_Nebraska_2022"
25404578778,true,2021-09-21 17:58:26.000,-91.3647532413443,17.2112192445595,"solar-geolocator","Petrochelidon pyrrhonota","H03","2401-22580","CLSW_Nebraska_2022"
25404578779,true,2021-09-22 05:58:21.000,-91.6245635380669,17.0723419952649,"solar-geolocator","Petrochelidon pyrrhonota","H03","2401-22580","CLSW_Nebraska_2022"
25404578780,true,2021-09-22 17:59:05.000,-91.3323176240923,16.8572276254695,"solar-geolocator","Petrochelidon pyrrhonota","H03","2401-22580","CLSW_Nebraska_2022"
25404578781,true,2021-09-23 05:58:41.000,-91.762594994335,16.3866422989137,"solar-geolocator","Petrochelidon pyrrhonota","H03","2401-22580","CLSW_Nebraska_2022"
25404578782,true,2021-09-23 17:59:19.000,-91.517748872231,16.2365710776499,"solar-geolocator","Petrochelidon pyrrhonota","H03","2401-22580","CLSW_Nebraska_2022"
25404578783,true,2021-09-24 05:57:08.000,-90.6883833664364,15.6656056510222,"solar-geolocator","Petrochelidon pyrrhonota","H03","2401-22580","CLSW_Nebraska_2022"
25404578784,true,2021-09-24 17:50:42.000,-89.7813156599173,15.4479015098078,"solar-geolocator","Petrochelidon pyrrhonota","H03","2401-22580","CLSW_Nebraska_2022"
25404578785,true,2021-09-25 05:48:49.000,-89.1939712732789,15.2632447716548,"solar-geolocator","Petrochelidon pyrrhonota","H03","2401-22580","CLSW_Nebraska_2022"
25404578786,true,2021-09-25 17:48:05.000,-88.997707723691,14.9302304179054,"solar-geolocator","Petrochelidon pyrrhonota","H03","2401-22580","CLSW_Nebraska_2022"
25404578787,true,2021-09-26 05:46:52.000,-88.7875211009873,14.5250330307724,"solar-geolocator","Petrochelidon pyrrhonota","H03","2401-22580","CLSW_Nebraska_2022"
25404578788,true,2021-09-26 17:45:39.000,-88.7887262329598,14.3610217054519,"solar-geolocator","Petrochelidon pyrrhonota","H03","2401-22580","CLSW_Nebraska_2022"
25404578789,true,2021-09-27 05:45:46.000,-88.6844276024793,14.0535622069173,"solar-geolocator","Petrochelidon pyrrhonota","H03","2401-22580","CLSW_Nebraska_2022"
25404578790,true,2021-09-27 17:45:09.000,-88.1871089668862,13.5009262249203,"solar-geolocator","Petrochelidon pyrrhonota","H03","2401-22580","CLSW_Nebraska_2022"
25404578791,true,2021-09-28 05:41:58.000,-87.0000381434955,13.5930832916156,"solar-geolocator","Petrochelidon pyrrhonota","H03","2401-22580","CLSW_Nebraska_2022"
25404578792,true,2021-09-28 17:40:06.000,-87.216700704802,13.7608019281266,"solar-geolocator","Petrochelidon pyrrhonota","H03","2401-22580","CLSW_Nebraska_2022"
25404578793,true,2021-09-29 05:38:34.000,-87.0655544436931,13.8070298878209,"solar-geolocator","Petrochelidon pyrrhonota","H03","2401-22580","CLSW_Nebraska_2022"
25404578794,true,2021-09-29 17:35:04.000,-86.1194363019432,13.6945273918404,"solar-geolocator","Petrochelidon pyrrhonota","H03","2401-22580","CLSW_Nebraska_2022"
25404578795,true,2021-09-30 05:31:38.000,-85.6750911142024,13.142301571944,"solar-geolocator","Petrochelidon pyrrhonota","H03","2401-22580","CLSW_Nebraska_2022"
25404578796,true,2021-09-30 17:29:40.000,-84.9457951797854,12.4111215008816,"solar-geolocator","Petrochelidon pyrrhonota","H03","2401-22580","CLSW_Nebraska_2022"
25404578797,true,2021-10-01 05:27:47.000,-84.8951527928714,12.3094485936587,"solar-geolocator","Petrochelidon pyrrhonota","H03","2401-22580","CLSW_Nebraska_2022"
25404578798,true,2021-10-01 17:19:58.000,-83.1417416012309,12.2013161964724,"solar-geolocator","Petrochelidon pyrrhonota","H03","2401-22580","CLSW_Nebraska_2022"
25404578799,true,2021-10-02 05:20:42.000,-83.1497945565334,12.29575953139,"solar-geolocator","Petrochelidon pyrrhonota","H03","2401-22580","CLSW_Nebraska_2022"
25404578800,true,2021-10-02 17:26:11.000,-84.5513287114711,11.6028123981706,"solar-geolocator","Petrochelidon pyrrhonota","H03","2401-22580","CLSW_Nebraska_2022"
25404578801,true,2021-10-03 05:25:27.000,-84.4491870587618,10.5838807392667,"solar-geolocator","Petrochelidon pyrrhonota","H03","2401-22580","CLSW_Nebraska_2022"
25404578802,true,2021-10-03 17:21:45.000,-83.3337045928027,9.45341216428954,"solar-geolocator","Petrochelidon pyrrhonota","H03","2401-22580","CLSW_Nebraska_2022"
25404578803,true,2021-10-04 05:17:39.000,-82.8066922515816,8.79896140795755,"solar-geolocator","Petrochelidon pyrrhonota","H03","2401-22580","CLSW_Nebraska_2022"
25404578804,true,2021-10-04 17:12:27.000,-80.9961059423248,8.54520219559559,"solar-geolocator","Petrochelidon pyrrhonota","H03","2401-22580","CLSW_Nebraska_2022"
25404578805,true,2021-10-05 05:08:01.000,-80.6593726282277,8.58150003244835,"solar-geolocator","Petrochelidon pyrrhonota","H03","2401-22580","CLSW_Nebraska_2022"
25404578806,true,2021-10-05 17:04:56.000,-79.3544588675962,9.10839198323577,"solar-geolocator","Petrochelidon pyrrhonota","H03","2401-22580","CLSW_Nebraska_2022"
25404578807,true,2021-10-06 05:05:13.000,-79.2545030646713,9.10153697498421,"solar-geolocator","Petrochelidon pyrrhonota","H03","2401-22580","CLSW_Nebraska_2022"
25404578808,true,2021-10-06 16:57:40.000,-77.4466379941025,8.42233499335596,"solar-geolocator","Petrochelidon pyrrhonota","H03","2401-22580","CLSW_Nebraska_2022"
25404578809,true,2021-10-07 04:47:12.000,-75.08056405536,7.92054129184471,"solar-geolocator","Petrochelidon pyrrhonota","H03","2401-22580","CLSW_Nebraska_2022"
25404578810,true,2021-10-07 16:44:27.000,-74.1431938407131,7.37145585492004,"solar-geolocator","Petrochelidon pyrrhonota","H03","2401-22580","CLSW_Nebraska_2022"
25404578811,true,2021-10-08 04:42:00.000,-73.4617079498577,7.03727298921172,"solar-geolocator","Petrochelidon pyrrhonota","H03","2401-22580","CLSW_Nebraska_2022"
25404578812,true,2021-10-08 16:41:56.000,-73.650980580337,6.76552164444249,"solar-geolocator","Petrochelidon pyrrhonota","H03","2401-22580","CLSW_Nebraska_2022"
25404578813,true,2021-10-09 04:40:35.000,-73.487470542424,6.51123337759197,"solar-geolocator","Petrochelidon pyrrhonota","H03","2401-22580","CLSW_Nebraska_2022"
25404578814,true,2021-10-09 16:34:01.000,-71.8137207812003,6.41547572493012,"solar-geolocator","Petrochelidon pyrrhonota","H03","2401-22580","CLSW_Nebraska_2022"
25404578815,true,2021-10-10 04:33:18.000,-71.5696154227164,6.39957199038398,"solar-geolocator","Petrochelidon pyrrhonota","H03","2401-22580","CLSW_Nebraska_2022"
25404578816,true,2021-10-10 16:32:20.000,-71.3689104180094,6.16766096630437,"solar-geolocator","Petrochelidon pyrrhonota","H03","2401-22580","CLSW_Nebraska_2022"
25404578817,true,2021-10-11 04:31:30.000,-71.2160155226457,5.88529769209835,"solar-geolocator","Petrochelidon pyrrhonota","H03","2401-22580","CLSW_Nebraska_2022"
25404578818,true,2021-10-11 16:31:19.000,-71.1723570753941,5.72525878662287,"solar-geolocator","Petrochelidon pyrrhonota","H03","2401-22580","CLSW_Nebraska_2022"
25404578819,true,2021-10-12 04:29:08.000,-70.6938200601094,5.34089574312788,"solar-geolocator","Petrochelidon pyrrhonota","H03","2401-22580","CLSW_Nebraska_2022"
25404578820,true,2021-10-12 16:28:09.000,-70.3897931612596,4.75040663993267,"solar-geolocator","Petrochelidon pyrrhonota","H03","2401-22580","CLSW_Nebraska_2022"
25404578821,true,2021-10-13 04:26:32.000,-70.1331583499178,3.61812440755241,"solar-geolocator","Petrochelidon pyrrhonota","H03","2401-22580","CLSW_Nebraska_2022"
25404578822,true,2021-10-13 16:16:48.000,-68.766086943967,2.52250299511588,"solar-geolocator","Petrochelidon pyrrhonota","H03","2401-22580","CLSW_Nebraska_2022"
25404578823,true,2021-10-14 04:06:04.000,-66.1386949457409,0.0150483852832239,"solar-geolocator","Petrochelidon pyrrhonota","H03","2401-22580","CLSW_Nebraska_2022"
25404578824,true,2021-10-14 16:09:08.000,-65.9342161103798,-1.81951931587728,"solar-geolocator","Petrochelidon pyrrhonota","H03","2401-22580","CLSW_Nebraska_2022"
25404578825,true,2021-10-15 04:08:21.000,-65.789639073414,-2.40936603231209,"solar-geolocator","Petrochelidon pyrrhonota","H03","2401-22580","CLSW_Nebraska_2022"
25404578826,true,2021-10-15 16:08:38.000,-65.763379215215,-2.81036778891215,"solar-geolocator","Petrochelidon pyrrhonota","H03","2401-22580","CLSW_Nebraska_2022"
25404578827,true,2021-10-16 04:12:24.000,-66.4725570292665,-2.71862714678834,"solar-geolocator","Petrochelidon pyrrhonota","H03","2401-22580","CLSW_Nebraska_2022"
25404578828,true,2021-10-16 16:08:13.000,-66.306875115389,-2.82914025010239,"solar-geolocator","Petrochelidon pyrrhonota","H03","2401-22580","CLSW_Nebraska_2022"
25404578829,true,2021-10-17 04:06:12.000,-65.8494113281677,-3.09768196100629,"solar-geolocator","Petrochelidon pyrrhonota","H03","2401-22580","CLSW_Nebraska_2022"
25404578830,true,2021-10-17 16:05:49.000,-65.0380934490794,-3.49535472602829,"solar-geolocator","Petrochelidon pyrrhonota","H03","2401-22580","CLSW_Nebraska_2022"
25404578831,true,2021-10-18 03:58:45.000,-63.5413248633438,-4.39800090820206,"solar-geolocator","Petrochelidon pyrrhonota","H03","2401-22580","CLSW_Nebraska_2022"
25404578832,true,2021-10-18 16:00:22.000,-63.8025065398887,-5.21212927850581,"solar-geolocator","Petrochelidon pyrrhonota","H03","2401-22580","CLSW_Nebraska_2022"
25404578833,true,2021-10-19 04:03:17.000,-64.5469786619849,-5.55033062822388,"solar-geolocator","Petrochelidon pyrrhonota","H03","2401-22580","CLSW_Nebraska_2022"
25404578834,true,2021-10-19 16:05:10.000,-64.9416262942899,-5.96763247438701,"solar-geolocator","Petrochelidon pyrrhonota","H03","2401-22580","CLSW_Nebraska_2022"
25404578835,true,2021-10-20 04:11:46.000,-65.4382110445466,-6.45557341863804,"solar-geolocator","Petrochelidon pyrrhonota","H03","2401-22580","CLSW_Nebraska_2022"
25404578836,true,2021-10-20 16:10:16.000,-65.5326875163312,-6.92757032750689,"solar-geolocator","Petrochelidon pyrrhonota","H03","2401-22580","CLSW_Nebraska_2022"
25404578837,true,2021-10-21 04:07:34.000,-65.5414555987248,-7.44178608139152,"solar-geolocator","Petrochelidon pyrrhonota","H03","2401-22580","CLSW_Nebraska_2022"
25404578838,true,2021-10-21 16:09:42.000,-65.4823347552198,-8.2705486546975,"solar-geolocator","Petrochelidon pyrrhonota","H03","2401-22580","CLSW_Nebraska_2022"
25404578839,true,2021-10-22 04:04:30.000,-65.1545258147692,-9.21951590181633,"solar-geolocator","Petrochelidon pyrrhonota","H03","2401-22580","CLSW_Nebraska_2022"
25404578840,true,2021-10-22 16:03:54.000,-64.7469655869331,-9.92074648879531,"solar-geolocator","Petrochelidon pyrrhonota","H03","2401-22580","CLSW_Nebraska_2022"
25404578841,true,2021-10-23 03:59:28.000,-63.9936809345222,-10.7529535303689,"solar-geolocator","Petrochelidon pyrrhonota","H03","2401-22580","CLSW_Nebraska_2022"
25404578842,true,2021-10-23 15:56:33.000,-62.9908709512967,-11.5737202192439,"solar-geolocator","Petrochelidon pyrrhonota","H03","2401-22580","CLSW_Nebraska_2022"
25404578843,true,2021-10-24 03:49:18.000,-61.5944394706578,-12.2258001155839,"solar-geolocator","Petrochelidon pyrrhonota","H03","2401-22580","CLSW_Nebraska_2022"
25404578844,true,2021-10-24 15:38:18.000,-59.7965092079463,-13.1616490244006,"solar-geolocator","Petrochelidon pyrrhonota","H03","2401-22580","CLSW_Nebraska_2022"
25404578845,true,2021-10-25 03:38:12.000,-59.509981064849,-13.5327712590862,"solar-geolocator","Petrochelidon pyrrhonota","H03","2401-22580","CLSW_Nebraska_2022"
25404578846,true,2021-10-25 15:42:26.000,-59.424572119708,-14.0073146491994,"solar-geolocator","Petrochelidon pyrrhonota","H03","2401-22580","CLSW_Nebraska_2022"
25404578847,true,2021-10-26 03:38:46.000,-59.0639603279876,-14.6026757199088,"solar-geolocator","Petrochelidon pyrrhonota","H03","2401-22580","CLSW_Nebraska_2022"
25404578848,true,2021-10-26 15:41:50.000,-59.4267139328192,-14.9417847969337,"solar-geolocator","Petrochelidon pyrrhonota","H03","2401-22580","CLSW_Nebraska_2022"
25404578849,true,2021-10-27 03:41:18.000,-59.2991270048193,-14.9709817165912,"solar-geolocator","Petrochelidon pyrrhonota","H03","2401-22580","CLSW_Nebraska_2022"
25404578850,true,2021-10-27 15:35:40.000,-58.0436284666667,-14.8330606630285,"solar-geolocator","Petrochelidon pyrrhonota","H03","2401-22580","CLSW_Nebraska_2022"
25404578851,true,2021-10-28 03:35:23.000,-57.4298553663309,-14.8671924938378,"solar-geolocator","Petrochelidon pyrrhonota","H03","2401-22580","CLSW_Nebraska_2022"
25404578852,true,2021-10-28 15:31:53.000,-56.614169520065,-15.0780604848849,"solar-geolocator","Petrochelidon pyrrhonota","H03","2401-22580","CLSW_Nebraska_2022"
25404578853,true,2021-10-29 03:24:08.000,-55.3069788214874,-15.4626241985039,"solar-geolocator","Petrochelidon pyrrhonota","H03","2401-22580","CLSW_Nebraska_2022"
25404578854,true,2021-10-29 15:21:39.000,-54.5763488675633,-15.7905752573891,"solar-geolocator","Petrochelidon pyrrhonota","H03","2401-22580","CLSW_Nebraska_2022"
25404578855,true,2021-10-30 03:18:33.000,-54.0996335310213,-16.4281661349402,"solar-geolocator","Petrochelidon pyrrhonota","H03","2401-22580","CLSW_Nebraska_2022"
25404578856,true,2021-10-30 15:20:30.000,-54.079867307638,-17.0496004581061,"solar-geolocator","Petrochelidon pyrrhonota","H03","2401-22580","CLSW_Nebraska_2022"
25404578857,true,2021-10-31 03:17:29.000,-53.5588339278005,-17.5672021618951,"solar-geolocator","Petrochelidon pyrrhonota","H03","2401-22580","CLSW_Nebraska_2022"
25404578858,true,2021-10-31 15:16:48.000,-53.3459077743749,-17.7026089698287,"solar-geolocator","Petrochelidon pyrrhonota","H03","2401-22580","CLSW_Nebraska_2022"
25404578859,true,2021-11-01 03:20:30.000,-53.6570206860308,-17.6568749316559,"solar-geolocator","Petrochelidon pyrrhonota","H03","2401-22580","CLSW_Nebraska_2022"
25404578860,true,2021-11-01 15:20:05.000,-53.5195838979173,-17.7306645850437,"solar-geolocator","Petrochelidon pyrrhonota","H03","2401-22580","CLSW_Nebraska_2022"
25404578861,true,2021-11-02 03:15:45.000,-53.1502622951496,-17.9076196475227,"solar-geolocator","Petrochelidon pyrrhonota","H03","2401-22580","CLSW_Nebraska_2022"
25404578862,true,2021-11-02 15:13:39.000,-52.6259547183609,-18.2621467879788,"solar-geolocator","Petrochelidon pyrrhonota","H03","2401-22580","CLSW_Nebraska_2022"
25404578863,true,2021-11-03 03:14:58.000,-52.2863452462971,-18.5693101174803,"solar-geolocator","Petrochelidon pyrrhonota","H03","2401-22580","CLSW_Nebraska_2022"
25404578864,true,2021-11-03 15:13:38.000,-51.7879151779205,-18.8750320196948,"solar-geolocator","Petrochelidon pyrrhonota","H03","2401-22580","CLSW_Nebraska_2022"
25404578865,true,2021-11-04 03:07:15.000,-51.0910588002376,-19.3458657104191,"solar-geolocator","Petrochelidon pyrrhonota","H03","2401-22580","CLSW_Nebraska_2022"
25404578866,true,2021-11-04 15:06:54.000,-50.5258059073019,-19.8276825453196,"solar-geolocator","Petrochelidon pyrrhonota","H03","2401-22580","CLSW_Nebraska_2022"
25404578867,true,2021-11-05 03:00:54.000,-49.5937254265966,-20.5322873192132,"solar-geolocator","Petrochelidon pyrrhonota","H03","2401-22580","CLSW_Nebraska_2022"
25404578868,true,2021-11-05 15:00:14.000,-49.1589963553463,-20.9746361323533,"solar-geolocator","Petrochelidon pyrrhonota","H03","2401-22580","CLSW_Nebraska_2022"
25404578869,true,2021-11-06 03:00:24.000,-49.1986385074557,-20.9557730471672,"solar-geolocator","Petrochelidon pyrrhonota","H03","2401-22580","CLSW_Nebraska_2022"
25404578870,true,2021-11-06 14:58:11.000,-48.8518091006765,-20.6119595796271,"solar-geolocator","Petrochelidon pyrrhonota","H03","2401-22580","CLSW_Nebraska_2022"
25404578871,true,2021-11-07 03:00:15.000,-48.7339999301662,-20.4077329845552,"solar-geolocator","Petrochelidon pyrrhonota","H03","2401-22580","CLSW_Nebraska_2022"
25404578872,true,2021-11-07 15:00:12.000,-48.7361888852418,-20.2560418338828,"solar-geolocator","Petrochelidon pyrrhonota","H03","2401-22580","CLSW_Nebraska_2022"
25404578873,true,2021-11-08 02:59:12.000,-48.9996531819156,-20.1271999729943,"solar-geolocator","Petrochelidon pyrrhonota","H03","2401-22580","CLSW_Nebraska_2022"
25404578874,true,2021-11-08 15:01:37.000,-49.5102576695605,-19.9387784743025,"solar-geolocator","Petrochelidon pyrrhonota","H03","2401-22580","CLSW_Nebraska_2022"
25404578875,true,2021-11-09 03:03:45.000,-49.7007075832149,-20.0574511537109,"solar-geolocator","Petrochelidon pyrrhonota","H03","2401-22580","CLSW_Nebraska_2022"
25404578876,true,2021-11-09 15:04:13.000,-49.6479521069596,-20.1391161422086,"solar-geolocator","Petrochelidon pyrrhonota","H03","2401-22580","CLSW_Nebraska_2022"
25404578877,true,2021-11-10 03:00:00.000,-49.0342369131199,-20.3472652852895,"solar-geolocator","Petrochelidon pyrrhonota","H03","2401-22580","CLSW_Nebraska_2022"
25404578878,true,2021-11-10 14:58:02.000,-48.7266905086331,-20.319273747899,"solar-geolocator","Petrochelidon pyrrhonota","H03","2401-22580","CLSW_Nebraska_2022"
25404578879,true,2021-11-11 03:03:06.000,-49.2040222251641,-20.3933489706167,"solar-geolocator","Petrochelidon pyrrhonota","H03","2401-22580","CLSW_Nebraska_2022"
25404578880,true,2021-11-11 15:04:34.000,-49.4176613941442,-20.5033574126572,"solar-geolocator","Petrochelidon pyrrhonota","H03","2401-22580","CLSW_Nebraska_2022"
25404578881,true,2021-11-12 03:05:00.000,-49.5741597625913,-20.646503960568,"solar-geolocator","Petrochelidon pyrrhonota","H03","2401-22580","CLSW_Nebraska_2022"
25404578882,true,2021-11-12 15:02:06.000,-49.6082217170189,-20.9232878800072,"solar-geolocator","Petrochelidon pyrrhonota","H03","2401-22580","CLSW_Nebraska_2022"
25404578883,true,2021-11-13 02:58:15.000,-49.7606116950317,-21.1858902350753,"solar-geolocator","Petrochelidon pyrrhonota","H03","2401-22580","CLSW_Nebraska_2022"
25404578884,true,2021-11-13 15:04:50.000,-49.8911783801737,-21.6375613358124,"solar-geolocator","Petrochelidon pyrrhonota","H03","2401-22580","CLSW_Nebraska_2022"
25404578885,true,2021-11-14 03:03:31.000,-49.7796568161525,-22.1111579595261,"solar-geolocator","Petrochelidon pyrrhonota","H03","2401-22580","CLSW_Nebraska_2022"
25404578886,true,2021-11-14 15:01:02.000,-49.5153959976348,-22.5720567649899,"solar-geolocator","Petrochelidon pyrrhonota","H03","2401-22580","CLSW_Nebraska_2022"
25404578887,true,2021-11-15 03:00:26.000,-49.5069939721427,-23.1852847124966,"solar-geolocator","Petrochelidon pyrrhonota","H03","2401-22580","CLSW_Nebraska_2022"
25404578888,true,2021-11-15 15:04:23.000,-49.4584412524278,-23.9250351323564,"solar-geolocator","Petrochelidon pyrrhonota","H03","2401-22580","CLSW_Nebraska_2022"
25404578889,true,2021-11-16 03:00:45.000,-49.3571175634106,-24.826929341966,"solar-geolocator","Petrochelidon pyrrhonota","H03","2401-22580","CLSW_Nebraska_2022"
25404578890,true,2021-11-16 15:05:53.000,-49.9889795809542,-25.7891682728646,"solar-geolocator","Petrochelidon pyrrhonota","H03","2401-22580","CLSW_Nebraska_2022"
25404578891,true,2021-11-17 03:13:17.000,-50.5718226160212,-26.4673026260281,"solar-geolocator","Petrochelidon pyrrhonota","H03","2401-22580","CLSW_Nebraska_2022"
25404578892,true,2021-11-17 15:08:57.000,-50.1708375312728,-26.6959176363843,"solar-geolocator","Petrochelidon pyrrhonota","H03","2401-22580","CLSW_Nebraska_2022"
25404578893,true,2021-11-18 03:00:43.000,-49.8023097374792,-26.843807716267,"solar-geolocator","Petrochelidon pyrrhonota","H03","2401-22580","CLSW_Nebraska_2022"
25404578894,true,2021-11-18 15:00:56.000,-49.6586615483504,-27.110205450484,"solar-geolocator","Petrochelidon pyrrhonota","H03","2401-22580","CLSW_Nebraska_2022"
25404578895,true,2021-11-19 03:01:06.000,-49.5956553494406,-27.3772395467182,"solar-geolocator","Petrochelidon pyrrhonota","H03","2401-22580","CLSW_Nebraska_2022"
25404578896,true,2021-11-19 15:04:39.000,-49.7047162612817,-27.7615722603806,"solar-geolocator","Petrochelidon pyrrhonota","H03","2401-22580","CLSW_Nebraska_2022"
25404578897,true,2021-11-20 03:02:24.000,-49.6536138802813,-28.2706961724507,"solar-geolocator","Petrochelidon pyrrhonota","H03","2401-22580","CLSW_Nebraska_2022"
25404578898,true,2021-11-20 15:07:41.000,-50.5848992344305,-28.8409826047421,"solar-geolocator","Petrochelidon pyrrhonota","H03","2401-22580","CLSW_Nebraska_2022"
25404578899,true,2021-11-21 03:12:21.000,-51.7548004042123,-29.2877200248303,"solar-geolocator","Petrochelidon pyrrhonota","H03","2401-22580","CLSW_Nebraska_2022"
25404578900,true,2021-11-21 15:16:28.000,-52.1768167426207,-29.7550852615031,"solar-geolocator","Petrochelidon pyrrhonota","H03","2401-22580","CLSW_Nebraska_2022"
25404578901,true,2021-11-22 03:14:40.000,-52.2645410133381,-30.2517633123927,"solar-geolocator","Petrochelidon pyrrhonota","H03","2401-22580","CLSW_Nebraska_2022"
25404578902,true,2021-11-22 15:15:48.000,-52.3857205158194,-30.4623525630685,"solar-geolocator","Petrochelidon pyrrhonota","H03","2401-22580","CLSW_Nebraska_2022"
25404578903,true,2021-11-23 03:16:04.000,-52.4309726921852,-30.6421873405266,"solar-geolocator","Petrochelidon pyrrhonota","H03","2401-22580","CLSW_Nebraska_2022"
25404578904,true,2021-11-23 15:15:32.000,-52.3624213874319,-30.8052888708547,"solar-geolocator","Petrochelidon pyrrhonota","H03","2401-22580","CLSW_Nebraska_2022"
25404578905,true,2021-11-24 03:13:52.000,-52.2645022655899,-31.0485012447985,"solar-geolocator","Petrochelidon pyrrhonota","H03","2401-22580","CLSW_Nebraska_2022"
25404578906,true,2021-11-24 15:15:50.000,-52.3382136807313,-31.1929767671107,"solar-geolocator","Petrochelidon pyrrhonota","H03","2401-22580","CLSW_Nebraska_2022"
25404578907,true,2021-11-25 03:15:44.000,-52.3522275890848,-31.2694065255704,"solar-geolocator","Petrochelidon pyrrhonota","H03","2401-22580","CLSW_Nebraska_2022"
25404578908,true,2021-11-25 15:16:25.000,-52.3698030819278,-31.3992960876409,"solar-geolocator","Petrochelidon pyrrhonota","H03","2401-22580","CLSW_Nebraska_2022"
25404578909,true,2021-11-26 03:16:21.000,-52.4251311089174,-31.5255083139381,"solar-geolocator","Petrochelidon pyrrhonota","H03","2401-22580","CLSW_Nebraska_2022"
25404578910,true,2021-11-26 15:18:16.000,-52.8063776394855,-31.4311705299413,"solar-geolocator","Petrochelidon pyrrhonota","H03","2401-22580","CLSW_Nebraska_2022"
25404578911,true,2021-11-27 03:20:54.000,-53.0747627822714,-31.1986537521005,"solar-geolocator","Petrochelidon pyrrhonota","H03","2401-22580","CLSW_Nebraska_2022"
25404578912,true,2021-11-27 15:19:54.000,-52.9298131244061,-30.9202764832956,"solar-geolocator","Petrochelidon pyrrhonota","H03","2401-22580","CLSW_Nebraska_2022"
25404578913,true,2021-11-28 03:18:59.000,-52.759833446714,-30.7699211099718,"solar-geolocator","Petrochelidon pyrrhonota","H03","2401-22580","CLSW_Nebraska_2022"
25404578914,true,2021-11-28 15:18:54.000,-52.6800698829539,-30.6954427268061,"solar-geolocator","Petrochelidon pyrrhonota","H03","2401-22580","CLSW_Nebraska_2022"
25404578915,true,2021-11-29 03:19:01.000,-52.6842876712378,-30.6818803970894,"solar-geolocator","Petrochelidon pyrrhonota","H03","2401-22580","CLSW_Nebraska_2022"
25404578916,true,2021-11-29 15:19:15.000,-52.5855530898812,-30.6742541923754,"solar-geolocator","Petrochelidon pyrrhonota","H03","2401-22580","CLSW_Nebraska_2022"
25404578917,true,2021-11-30 03:19:05.000,-52.564094385047,-30.6687221442204,"solar-geolocator","Petrochelidon pyrrhonota","H03","2401-22580","CLSW_Nebraska_2022"
25404578918,true,2021-11-30 15:18:50.000,-52.5995052205425,-30.588066372453,"solar-geolocator","Petrochelidon pyrrhonota","H03","2401-22580","CLSW_Nebraska_2022"
25404578919,true,2021-12-01 03:20:04.000,-52.8243716106744,-30.5445485727854,"solar-geolocator","Petrochelidon pyrrhonota","H03","2401-22580","CLSW_Nebraska_2022"
25404578920,true,2021-12-01 15:22:06.000,-53.1533418883286,-30.4784015322406,"solar-geolocator","Petrochelidon pyrrhonota","H03","2401-22580","CLSW_Nebraska_2022"
25404578921,true,2021-12-02 03:22:33.000,-53.2232995138612,-30.2743741858428,"solar-geolocator","Petrochelidon pyrrhonota","H03","2401-22580","CLSW_Nebraska_2022"
25404578922,true,2021-12-02 15:22:17.000,-53.1403052792097,-30.2378442072011,"solar-geolocator","Petrochelidon pyrrhonota","H03","2401-22580","CLSW_Nebraska_2022"
25404578923,true,2021-12-03 03:21:07.000,-52.9778647350575,-30.2328356167107,"solar-geolocator","Petrochelidon pyrrhonota","H03","2401-22580","CLSW_Nebraska_2022"
25404578924,true,2021-12-03 15:20:57.000,-52.9065977890416,-30.3615941865562,"solar-geolocator","Petrochelidon pyrrhonota","H03","2401-22580","CLSW_Nebraska_2022"
25404578925,true,2021-12-04 03:21:21.000,-52.936870372281,-30.5099835723889,"solar-geolocator","Petrochelidon pyrrhonota","H03","2401-22580","CLSW_Nebraska_2022"
25404578926,true,2021-12-04 15:22:34.000,-52.9072097078798,-30.8063244203108,"solar-geolocator","Petrochelidon pyrrhonota","H03","2401-22580","CLSW_Nebraska_2022"
25404578927,true,2021-12-05 03:22:13.000,-52.857665575256,-31.1519562387384,"solar-geolocator","Petrochelidon pyrrhonota","H03","2401-22580","CLSW_Nebraska_2022"
25404578928,true,2021-12-05 15:23:58.000,-52.8847070390728,-31.5237404898054,"solar-geolocator","Petrochelidon pyrrhonota","H03","2401-22580","CLSW_Nebraska_2022"
25404578929,true,2021-12-06 03:21:23.000,-52.7218910659585,-31.9015018722603,"solar-geolocator","Petrochelidon pyrrhonota","H03","2401-22580","CLSW_Nebraska_2022"
25404578930,true,2021-12-06 15:21:29.000,-52.5379814769139,-32.071282850489,"solar-geolocator","Petrochelidon pyrrhonota","H03","2401-22580","CLSW_Nebraska_2022"
25404578931,true,2021-12-07 03:20:12.000,-52.3992893470213,-32.2524494465751,"solar-geolocator","Petrochelidon pyrrhonota","H03","2401-22580","CLSW_Nebraska_2022"
25404578932,true,2021-12-07 15:19:10.000,-52.2869483361573,-32.3225688644616,"solar-geolocator","Petrochelidon pyrrhonota","H03","2401-22580","CLSW_Nebraska_2022"
25404578933,true,2021-12-08 03:19:14.000,-52.2870893017256,-32.3489411366602,"solar-geolocator","Petrochelidon pyrrhonota","H03","2401-22580","CLSW_Nebraska_2022"
25404578934,true,2021-12-08 15:21:03.000,-52.4048992356414,-32.4069051100303,"solar-geolocator","Petrochelidon pyrrhonota","H03","2401-22580","CLSW_Nebraska_2022"
25404578935,true,2021-12-09 03:20:53.000,-52.3452810408497,-32.4914807133849,"solar-geolocator","Petrochelidon pyrrhonota","H03","2401-22580","CLSW_Nebraska_2022"
25404578936,true,2021-12-09 15:20:46.000,-52.288328841161,-32.4174432113638,"solar-geolocator","Petrochelidon pyrrhonota","H03","2401-22580","CLSW_Nebraska_2022"
25404578937,true,2021-12-10 03:21:02.000,-52.282354247888,-32.2631103062059,"solar-geolocator","Petrochelidon pyrrhonota","H03","2401-22580","CLSW_Nebraska_2022"
25404578938,true,2021-12-10 15:20:29.000,-52.345061016415,-32.0246395831174,"solar-geolocator","Petrochelidon pyrrhonota","H03","2401-22580","CLSW_Nebraska_2022"
25404578939,true,2021-12-11 03:21:43.000,-52.3065011718851,-31.6620228267172,"solar-geolocator","Petrochelidon pyrrhonota","H03","2401-22580","CLSW_Nebraska_2022"
25404578940,true,2021-12-11 15:22:20.000,-52.3183290569805,-31.4438865908059,"solar-geolocator","Petrochelidon pyrrhonota","H03","2401-22580","CLSW_Nebraska_2022"
25404578941,true,2021-12-12 03:21:17.000,-52.0457504909892,-30.9977175862941,"solar-geolocator","Petrochelidon pyrrhonota","H03","2401-22580","CLSW_Nebraska_2022"
25404578942,true,2021-12-12 15:21:13.000,-52.046998336008,-30.9354811813099,"solar-geolocator","Petrochelidon pyrrhonota","H03","2401-22580","CLSW_Nebraska_2022"
25404578943,true,2021-12-13 03:22:38.000,-52.2837657373952,-31.2896363318557,"solar-geolocator","Petrochelidon pyrrhonota","H03","2401-22580","CLSW_Nebraska_2022"
25404578944,true,2021-12-13 15:21:51.000,-52.3925713921767,-31.5388188166984,"solar-geolocator","Petrochelidon pyrrhonota","H03","2401-22580","CLSW_Nebraska_2022"
25404578945,true,2021-12-14 03:22:32.000,-52.4392508434886,-31.7625637527922,"solar-geolocator","Petrochelidon pyrrhonota","H03","2401-22580","CLSW_Nebraska_2022"
25404578946,true,2021-12-14 15:24:51.000,-52.4062225106901,-31.9796950980988,"solar-geolocator","Petrochelidon pyrrhonota","H03","2401-22580","CLSW_Nebraska_2022"
25404578947,true,2021-12-15 03:23:35.000,-52.3368757477821,-32.2154568422454,"solar-geolocator","Petrochelidon pyrrhonota","H03","2401-22580","CLSW_Nebraska_2022"
25404578948,true,2021-12-15 15:24:58.000,-52.340361988095,-32.38851354036,"solar-geolocator","Petrochelidon pyrrhonota","H03","2401-22580","CLSW_Nebraska_2022"
25404578949,true,2021-12-16 03:22:38.000,-52.1839124029513,-32.6938792173341,"solar-geolocator","Petrochelidon pyrrhonota","H03","2401-22580","CLSW_Nebraska_2022"
25404578950,true,2021-12-16 15:23:08.000,-52.1860050301163,-32.7602015190254,"solar-geolocator","Petrochelidon pyrrhonota","H03","2401-22580","CLSW_Nebraska_2022"
25404578951,true,2021-12-17 03:23:55.000,-52.1462663802093,-32.776683882895,"solar-geolocator","Petrochelidon pyrrhonota","H03","2401-22580","CLSW_Nebraska_2022"
25404578952,true,2021-12-17 15:22:05.000,-52.2789264209798,-32.0946735180988,"solar-geolocator","Petrochelidon pyrrhonota","H03","2401-22580","CLSW_Nebraska_2022"
25404578953,true,2021-12-18 03:23:25.000,-51.7449283969915,-30.8893575902486,"solar-geolocator","Petrochelidon pyrrhonota","H03","2401-22580","CLSW_Nebraska_2022"
25404578954,true,2021-12-18 15:21:06.000,-51.154257421405,-30.6920183169177,"solar-geolocator","Petrochelidon pyrrhonota","H03","2401-22580","CLSW_Nebraska_2022"
25404578955,true,2021-12-19 03:21:17.000,-51.0964715615032,-30.6495077708988,"solar-geolocator","Petrochelidon pyrrhonota","H03","2401-22580","CLSW_Nebraska_2022"
25404578956,true,2021-12-19 15:11:16.000,-51.1405666352688,-30.5614589736994,"solar-geolocator","Petrochelidon pyrrhonota","H03","2401-22580","CLSW_Nebraska_2022"
25404578957,true,2021-12-20 03:12:29.000,-51.3581029758863,-30.5229674293693,"solar-geolocator","Petrochelidon pyrrhonota","H03","2401-22580","CLSW_Nebraska_2022"
25404578958,true,2021-12-20 15:25:06.000,-51.6769226571729,-30.6694101185121,"solar-geolocator","Petrochelidon pyrrhonota","H03","2401-22580","CLSW_Nebraska_2022"
25404578959,true,2021-12-21 03:24:00.000,-51.5363509719472,-30.7600323662117,"solar-geolocator","Petrochelidon pyrrhonota","H03","2401-22580","CLSW_Nebraska_2022"
25404578960,true,2021-12-21 15:23:06.000,-51.3086017714276,-30.7061019904617,"solar-geolocator","Petrochelidon pyrrhonota","H03","2401-22580","CLSW_Nebraska_2022"
25404578961,true,2021-12-22 03:25:11.000,-51.5955910789798,-30.6376121765693,"solar-geolocator","Petrochelidon pyrrhonota","H03","2401-22580","CLSW_Nebraska_2022"
25404578962,true,2021-12-22 15:25:30.000,-51.5788696806511,-30.7257791601315,"solar-geolocator","Petrochelidon pyrrhonota","H03","2401-22580","CLSW_Nebraska_2022"
25404578963,true,2021-12-23 03:23:53.000,-51.2364596566435,-30.8191389552512,"solar-geolocator","Petrochelidon pyrrhonota","H03","2401-22580","CLSW_Nebraska_2022"
25404578964,true,2021-12-23 15:26:05.000,-52.0247516575911,-30.9941381337696,"solar-geolocator","Petrochelidon pyrrhonota","H03","2401-22580","CLSW_Nebraska_2022"
25404578965,true,2021-12-24 03:26:49.000,-52.1608862971977,-31.9118559293538,"solar-geolocator","Petrochelidon pyrrhonota","H03","2401-22580","CLSW_Nebraska_2022"
25404578966,true,2021-12-24 15:26:24.000,-52.2153559804079,-31.6121251243454,"solar-geolocator","Petrochelidon pyrrhonota","H03","2401-22580","CLSW_Nebraska_2022"
25404578967,true,2021-12-25 03:27:02.000,-51.7502864823772,-30.8384011027187,"solar-geolocator","Petrochelidon pyrrhonota","H03","2401-22580","CLSW_Nebraska_2022"
25404578968,true,2021-12-25 15:24:18.000,-50.9118362650387,-30.7639884767123,"solar-geolocator","Petrochelidon pyrrhonota","H03","2401-22580","CLSW_Nebraska_2022"
25404578969,true,2021-12-26 03:21:37.000,-50.3126500627882,-30.8367823307553,"solar-geolocator","Petrochelidon pyrrhonota","H03","2401-22580","CLSW_Nebraska_2022"
25404578970,true,2021-12-26 15:21:14.000,-50.3437320157905,-30.7483675698297,"solar-geolocator","Petrochelidon pyrrhonota","H03","2401-22580","CLSW_Nebraska_2022"
25404578971,true,2021-12-27 03:23:28.000,-50.5611963701561,-30.6429857038889,"solar-geolocator","Petrochelidon pyrrhonota","H03","2401-22580","CLSW_Nebraska_2022"
25404578972,true,2021-12-27 15:24:34.000,-50.7784336539692,-30.6733303628474,"solar-geolocator","Petrochelidon pyrrhonota","H03","2401-22580","CLSW_Nebraska_2022"
25404578973,true,2021-12-28 03:22:49.000,-50.4434544464636,-30.8042646217634,"solar-geolocator","Petrochelidon pyrrhonota","H03","2401-22580","CLSW_Nebraska_2022"
25404578974,true,2021-12-28 15:22:20.000,-50.513435969753,-30.6646604342187,"solar-geolocator","Petrochelidon pyrrhonota","H03","2401-22580","CLSW_Nebraska_2022"
25404578975,true,2021-12-29 03:27:27.000,-51.3603409146304,-30.5939316304069,"solar-geolocator","Petrochelidon pyrrhonota","H03","2401-22580","CLSW_Nebraska_2022"
25404578976,true,2021-12-29 15:31:21.000,-52.0753044378425,-30.721716773137,"solar-geolocator","Petrochelidon pyrrhonota","H03","2401-22580","CLSW_Nebraska_2022"
25404578977,true,2021-12-30 03:29:50.000,-51.9702064718124,-30.8501065974654,"solar-geolocator","Petrochelidon pyrrhonota","H03","2401-22580","CLSW_Nebraska_2022"
25404578978,true,2021-12-30 15:28:12.000,-51.4394772052634,-30.7840691539538,"solar-geolocator","Petrochelidon pyrrhonota","H03","2401-22580","CLSW_Nebraska_2022"
25404578979,true,2021-12-31 03:27:30.000,-51.1122611405985,-30.7783368658045,"solar-geolocator","Petrochelidon pyrrhonota","H03","2401-22580","CLSW_Nebraska_2022"
25404578980,true,2021-12-31 15:31:03.000,-52.1652552916175,-31.5659385587335,"solar-geolocator","Petrochelidon pyrrhonota","H03","2401-22580","CLSW_Nebraska_2022"
25404578981,true,2022-01-01 03:30:41.000,-52.2061591881687,-32.2501563119856,"solar-geolocator","Petrochelidon pyrrhonota","H03","2401-22580","CLSW_Nebraska_2022"
25404578982,true,2022-01-01 15:27:57.000,-52.0507206496752,-31.0245726745084,"solar-geolocator","Petrochelidon pyrrhonota","H03","2401-22580","CLSW_Nebraska_2022"
25404578983,true,2022-01-02 03:27:26.000,-51.2113178301839,-30.7576129490688,"solar-geolocator","Petrochelidon pyrrhonota","H03","2401-22580","CLSW_Nebraska_2022"
25404578984,true,2022-01-02 15:16:22.000,-50.1296189004067,-29.6348166221878,"solar-geolocator","Petrochelidon pyrrhonota","H03","2401-22580","CLSW_Nebraska_2022"
25404578985,true,2022-01-03 03:18:39.000,-49.7359428914798,-28.8421419264759,"solar-geolocator","Petrochelidon pyrrhonota","H03","2401-22580","CLSW_Nebraska_2022"
25404578986,true,2022-01-03 15:24:50.000,-50.213585718104,-28.9280465196586,"solar-geolocator","Petrochelidon pyrrhonota","H03","2401-22580","CLSW_Nebraska_2022"
25404578987,true,2022-01-04 03:28:01.000,-50.712680474784,-29.1584781181599,"solar-geolocator","Petrochelidon pyrrhonota","H03","2401-22580","CLSW_Nebraska_2022"
25404578988,true,2022-01-04 15:31:27.000,-51.0099533897223,-29.8483252790371,"solar-geolocator","Petrochelidon pyrrhonota","H03","2401-22580","CLSW_Nebraska_2022"
25404578989,true,2022-01-05 03:27:27.000,-50.6245171326617,-30.6847368084096,"solar-geolocator","Petrochelidon pyrrhonota","H03","2401-22580","CLSW_Nebraska_2022"
25404578990,true,2022-01-05 15:27:37.000,-50.8689640865863,-30.6943427463685,"solar-geolocator","Petrochelidon pyrrhonota","H03","2401-22580","CLSW_Nebraska_2022"
25404578991,true,2022-01-06 03:31:09.000,-51.3788328501445,-30.6754743719738,"solar-geolocator","Petrochelidon pyrrhonota","H03","2401-22580","CLSW_Nebraska_2022"
25404578992,true,2022-01-06 15:34:38.000,-52.0628942029922,-31.1558781803038,"solar-geolocator","Petrochelidon pyrrhonota","H03","2401-22580","CLSW_Nebraska_2022"
25404578993,true,2022-01-07 03:34:33.000,-52.2199473765162,-31.9608523933067,"solar-geolocator","Petrochelidon pyrrhonota","H03","2401-22580","CLSW_Nebraska_2022"
25404578994,true,2022-01-07 15:34:26.000,-52.2720309976177,-32.080083200509,"solar-geolocator","Petrochelidon pyrrhonota","H03","2401-22580","CLSW_Nebraska_2022"
25404578995,true,2022-01-08 03:36:05.000,-52.4401482288263,-32.2039676364541,"solar-geolocator","Petrochelidon pyrrhonota","H03","2401-22580","CLSW_Nebraska_2022"
25404578996,true,2022-01-08 15:37:50.000,-52.7304010564809,-32.4800299427744,"solar-geolocator","Petrochelidon pyrrhonota","H03","2401-22580","CLSW_Nebraska_2022"
25404578997,true,2022-01-09 03:37:15.000,-52.8436572772034,-32.7526043808425,"solar-geolocator","Petrochelidon pyrrhonota","H03","2401-22580","CLSW_Nebraska_2022"
25404578998,true,2022-01-09 15:41:37.000,-53.4970545647394,-33.2177176533862,"solar-geolocator","Petrochelidon pyrrhonota","H03","2401-22580","CLSW_Nebraska_2022"
25404578999,true,2022-01-10 03:43:36.000,-53.9707335909892,-33.3731961373919,"solar-geolocator","Petrochelidon pyrrhonota","H03","2401-22580","CLSW_Nebraska_2022"
25404579000,true,2022-01-10 15:39:42.000,-53.421626684628,-33.0436279519485,"solar-geolocator","Petrochelidon pyrrhonota","H03","2401-22580","CLSW_Nebraska_2022"
25404579001,true,2022-01-11 03:41:46.000,-53.2737466185229,-32.7114643017396,"solar-geolocator","Petrochelidon pyrrhonota","H03","2401-22580","CLSW_Nebraska_2022"
25404579002,true,2022-01-11 15:41:36.000,-53.048605628368,-32.6403853735783,"solar-geolocator","Petrochelidon pyrrhonota","H03","2401-22580","CLSW_Nebraska_2022"
25404579003,true,2022-01-12 03:38:51.000,-52.7581019906843,-32.6799078661877,"solar-geolocator","Petrochelidon pyrrhonota","H03","2401-22580","CLSW_Nebraska_2022"
25404579004,true,2022-01-12 15:39:21.000,-52.9210145578857,-32.6725530620078,"solar-geolocator","Petrochelidon pyrrhonota","H03","2401-22580","CLSW_Nebraska_2022"
25404579005,true,2022-01-13 03:40:47.000,-53.0026694778295,-32.5857158576588,"solar-geolocator","Petrochelidon pyrrhonota","H03","2401-22580","CLSW_Nebraska_2022"
25404579006,true,2022-01-13 15:38:53.000,-52.7964930752519,-32.4584946923543,"solar-geolocator","Petrochelidon pyrrhonota","H03","2401-22580","CLSW_Nebraska_2022"
25404579007,true,2022-01-14 03:39:36.000,-52.6966054784016,-32.3907574554763,"solar-geolocator","Petrochelidon pyrrhonota","H03","2401-22580","CLSW_Nebraska_2022"
25404579008,true,2022-01-14 15:40:18.000,-52.6698865378177,-32.4679277927504,"solar-geolocator","Petrochelidon pyrrhonota","H03","2401-22580","CLSW_Nebraska_2022"
25404579009,true,2022-01-15 03:38:40.000,-52.49433339356,-32.657698791719,"solar-geolocator","Petrochelidon pyrrhonota","H03","2401-22580","CLSW_Nebraska_2022"
25404579010,true,2022-01-15 15:39:46.000,-52.6334794087021,-32.745219595117,"solar-geolocator","Petrochelidon pyrrhonota","H03","2401-22580","CLSW_Nebraska_2022"
25404579011,true,2022-01-16 03:39:45.000,-52.4958670975744,-32.7609028869177,"solar-geolocator","Petrochelidon pyrrhonota","H03","2401-22580","CLSW_Nebraska_2022"
25404579012,true,2022-01-16 15:38:01.000,-52.2791332983564,-32.6236012417306,"solar-geolocator","Petrochelidon pyrrhonota","H03","2401-22580","CLSW_Nebraska_2022"
25404579013,true,2022-01-17 03:39:58.000,-52.382015357813,-32.2815443798209,"solar-geolocator","Petrochelidon pyrrhonota","H03","2401-22580","CLSW_Nebraska_2022"
25404579014,true,2022-01-17 15:37:49.000,-52.3361223385685,-31.7229055093742,"solar-geolocator","Petrochelidon pyrrhonota","H03","2401-22580","CLSW_Nebraska_2022"
25404579015,true,2022-01-18 03:37:14.000,-51.8840063989212,-30.9154673928078,"solar-geolocator","Petrochelidon pyrrhonota","H03","2401-22580","CLSW_Nebraska_2022"
25404579016,true,2022-01-18 15:32:19.000,-50.707697433541,-30.7428946536714,"solar-geolocator","Petrochelidon pyrrhonota","H03","2401-22580","CLSW_Nebraska_2022"
25404579017,true,2022-01-19 03:28:50.000,-50.2057166195452,-30.7682046031105,"solar-geolocator","Petrochelidon pyrrhonota","H03","2401-22580","CLSW_Nebraska_2022"
25404579018,true,2022-01-19 15:29:39.000,-50.2125988312688,-30.785415448017,"solar-geolocator","Petrochelidon pyrrhonota","H03","2401-22580","CLSW_Nebraska_2022"
25404579019,true,2022-01-20 03:31:30.000,-50.2361384571754,-30.8119411273817,"solar-geolocator","Petrochelidon pyrrhonota","H03","2401-22580","CLSW_Nebraska_2022"
25404579020,true,2022-01-20 15:31:13.000,-50.2311857607303,-30.8368555424071,"solar-geolocator","Petrochelidon pyrrhonota","H03","2401-22580","CLSW_Nebraska_2022"
25404579021,true,2022-01-21 03:32:13.000,-50.2865362953717,-30.8328026004047,"solar-geolocator","Petrochelidon pyrrhonota","H03","2401-22580","CLSW_Nebraska_2022"
25404579022,true,2022-01-21 15:34:09.000,-50.6983916354917,-30.7909978997666,"solar-geolocator","Petrochelidon pyrrhonota","H03","2401-22580","CLSW_Nebraska_2022"
25404579023,true,2022-01-22 03:35:11.000,-50.8551636146653,-30.7891067762723,"solar-geolocator","Petrochelidon pyrrhonota","H03","2401-22580","CLSW_Nebraska_2022"
25404579024,true,2022-01-22 15:32:58.000,-50.5310412939855,-30.6586064800176,"solar-geolocator","Petrochelidon pyrrhonota","H03","2401-22580","CLSW_Nebraska_2022"
25404579025,true,2022-01-23 03:34:06.000,-50.5214512863714,-30.5553015618874,"solar-geolocator","Petrochelidon pyrrhonota","H03","2401-22580","CLSW_Nebraska_2022"
25404579026,true,2022-01-23 15:33:28.000,-50.5396112010265,-30.4691665273349,"solar-geolocator","Petrochelidon pyrrhonota","H03","2401-22580","CLSW_Nebraska_2022"
25404579027,true,2022-01-24 03:35:44.000,-50.7145478129986,-30.2930427655036,"solar-geolocator","Petrochelidon pyrrhonota","H03","2401-22580","CLSW_Nebraska_2022"
25404579028,true,2022-01-24 15:34:53.000,-50.7729035741729,-30.114994956867,"solar-geolocator","Petrochelidon pyrrhonota","H03","2401-22580","CLSW_Nebraska_2022"
25404579029,true,2022-01-25 03:36:16.000,-51.0467725775485,-30.090708306389,"solar-geolocator","Petrochelidon pyrrhonota","H03","2401-22580","CLSW_Nebraska_2022"
25404579030,true,2022-01-25 15:39:06.000,-51.5096469533359,-30.2761767175956,"solar-geolocator","Petrochelidon pyrrhonota","H03","2401-22580","CLSW_Nebraska_2022"
25404579031,true,2022-01-26 03:40:24.000,-51.5355758499759,-30.3904546583403,"solar-geolocator","Petrochelidon pyrrhonota","H03","2401-22580","CLSW_Nebraska_2022"
25404579032,true,2022-01-26 15:35:12.000,-51.2887272265746,-30.4641819898833,"solar-geolocator","Petrochelidon pyrrhonota","H03","2401-22580","CLSW_Nebraska_2022"
25404579033,true,2022-01-27 03:32:43.000,-51.0884899182163,-30.6050829845468,"solar-geolocator","Petrochelidon pyrrhonota","H03","2401-22580","CLSW_Nebraska_2022"
25404579034,true,2022-01-27 15:40:20.000,-52.1667953998677,-30.9990235293841,"solar-geolocator","Petrochelidon pyrrhonota","H03","2401-22580","CLSW_Nebraska_2022"
25404579035,true,2022-01-28 03:44:32.000,-52.9336453401067,-31.5942244073418,"solar-geolocator","Petrochelidon pyrrhonota","H03","2401-22580","CLSW_Nebraska_2022"
25404579036,true,2022-01-28 15:48:52.000,-53.9627994600226,-32.0421671180157,"solar-geolocator","Petrochelidon pyrrhonota","H03","2401-22580","CLSW_Nebraska_2022"
25404579037,true,2022-01-29 03:53:53.000,-54.641661469608,-32.4410134155634,"solar-geolocator","Petrochelidon pyrrhonota","H03","2401-22580","CLSW_Nebraska_2022"
25404579038,true,2022-01-29 15:54:03.000,-54.6877254935931,-32.676887894217,"solar-geolocator","Petrochelidon pyrrhonota","H03","2401-22580","CLSW_Nebraska_2022"
25404579039,true,2022-01-30 03:53:00.000,-54.6070856757064,-32.9450117310623,"solar-geolocator","Petrochelidon pyrrhonota","H03","2401-22580","CLSW_Nebraska_2022"
25404579040,true,2022-01-30 15:52:14.000,-54.3505723338944,-33.1665200096072,"solar-geolocator","Petrochelidon pyrrhonota","H03","2401-22580","CLSW_Nebraska_2022"
25404579041,true,2022-01-31 03:47:59.000,-53.7294741785425,-33.5003204411888,"solar-geolocator","Petrochelidon pyrrhonota","H03","2401-22580","CLSW_Nebraska_2022"
25404579042,true,2022-01-31 15:44:01.000,-53.3091853374272,-33.6670917399798,"solar-geolocator","Petrochelidon pyrrhonota","H03","2401-22580","CLSW_Nebraska_2022"
25404579043,true,2022-02-01 03:38:44.000,-51.8365375441143,-34.8795530608939,"solar-geolocator","Petrochelidon pyrrhonota","H03","2401-22580","CLSW_Nebraska_2022"
25404579044,true,2022-02-01 15:42:33.000,-52.1638843059286,-35.980275615445,"solar-geolocator","Petrochelidon pyrrhonota","H03","2401-22580","CLSW_Nebraska_2022"
25404579045,true,2022-02-02 03:43:26.000,-52.2136695809718,-36.2564474349294,"solar-geolocator","Petrochelidon pyrrhonota","H03","2401-22580","CLSW_Nebraska_2022"
25404579046,true,2022-02-02 15:38:15.000,-51.4974929376209,-35.825842458439,"solar-geolocator","Petrochelidon pyrrhonota","H03","2401-22580","CLSW_Nebraska_2022"
25404579047,true,2022-02-03 03:37:50.000,-51.10369447701,-35.2880910958943,"solar-geolocator","Petrochelidon pyrrhonota","H03","2401-22580","CLSW_Nebraska_2022"
25404579048,true,2022-02-03 15:38:28.000,-52.4988332138727,-32.8133034407382,"solar-geolocator","Petrochelidon pyrrhonota","H03","2401-22580","CLSW_Nebraska_2022"
25404579049,true,2022-02-04 03:43:01.000,-52.344639824375,-32.228190005096,"solar-geolocator","Petrochelidon pyrrhonota","H03","2401-22580","CLSW_Nebraska_2022"
25404579050,true,2022-02-04 15:37:55.000,-51.3547296570851,-30.8173917983075,"solar-geolocator","Petrochelidon pyrrhonota","H03","2401-22580","CLSW_Nebraska_2022"
25404579051,true,2022-02-05 03:40:26.000,-51.5180871503511,-30.6312790774421,"solar-geolocator","Petrochelidon pyrrhonota","H03","2401-22580","CLSW_Nebraska_2022"
25404579052,true,2022-02-05 15:40:47.000,-51.5137981988642,-30.6729430319028,"solar-geolocator","Petrochelidon pyrrhonota","H03","2401-22580","CLSW_Nebraska_2022"
25404579053,true,2022-02-06 03:37:24.000,-50.8997190456236,-30.74257921795,"solar-geolocator","Petrochelidon pyrrhonota","H03","2401-22580","CLSW_Nebraska_2022"
25404579054,true,2022-02-06 15:41:16.000,-50.4383519150338,-30.8903707498002,"solar-geolocator","Petrochelidon pyrrhonota","H03","2401-22580","CLSW_Nebraska_2022"
25404579055,true,2022-02-07 03:40:41.000,-51.6495370667295,-34.8681591273494,"solar-geolocator","Petrochelidon pyrrhonota","H03","2401-22580","CLSW_Nebraska_2022"
25404579056,true,2022-02-07 15:41:32.000,-51.8452332769679,-35.0035451231581,"solar-geolocator","Petrochelidon pyrrhonota","H03","2401-22580","CLSW_Nebraska_2022"
25404579057,true,2022-02-08 03:43:48.000,-52.3301479584067,-34.9179949850193,"solar-geolocator","Petrochelidon pyrrhonota","H03","2401-22580","CLSW_Nebraska_2022"
25404579058,true,2022-02-08 15:42:19.000,-52.2100837466315,-34.6410863174105,"solar-geolocator","Petrochelidon pyrrhonota","H03","2401-22580","CLSW_Nebraska_2022"
25404579059,true,2022-02-09 03:42:32.000,-52.0077249645463,-34.0312032678743,"solar-geolocator","Petrochelidon pyrrhonota","H03","2401-22580","CLSW_Nebraska_2022"
25404579060,true,2022-02-09 15:39:25.000,-52.2449037746557,-32.6952193465826,"solar-geolocator","Petrochelidon pyrrhonota","H03","2401-22580","CLSW_Nebraska_2022"
25404579061,true,2022-02-10 03:39:47.000,-52.1236882443192,-32.5550234443225,"solar-geolocator","Petrochelidon pyrrhonota","H03","2401-22580","CLSW_Nebraska_2022"
25404579062,true,2022-02-10 15:38:12.000,-51.766357511501,-30.9214050061922,"solar-geolocator","Petrochelidon pyrrhonota","H03","2401-22580","CLSW_Nebraska_2022"
25404579063,true,2022-02-11 03:40:47.000,-51.5891972799008,-30.7921285547743,"solar-geolocator","Petrochelidon pyrrhonota","H03","2401-22580","CLSW_Nebraska_2022"
25404579064,true,2022-02-11 15:42:28.000,-52.1056237880249,-31.3857827714169,"solar-geolocator","Petrochelidon pyrrhonota","H03","2401-22580","CLSW_Nebraska_2022"
25404579065,true,2022-02-12 03:42:01.000,-52.2082853952379,-32.6564767469999,"solar-geolocator","Petrochelidon pyrrhonota","H03","2401-22580","CLSW_Nebraska_2022"
25404579066,true,2022-02-12 15:40:49.000,-52.1823329032449,-32.746684914593,"solar-geolocator","Petrochelidon pyrrhonota","H03","2401-22580","CLSW_Nebraska_2022"
25404579067,true,2022-02-13 03:42:09.000,-52.220106481234,-32.657131302416,"solar-geolocator","Petrochelidon pyrrhonota","H03","2401-22580","CLSW_Nebraska_2022"
25404579068,true,2022-02-13 15:41:56.000,-52.2627891980226,-32.6581198939893,"solar-geolocator","Petrochelidon pyrrhonota","H03","2401-22580","CLSW_Nebraska_2022"
25404579069,true,2022-02-14 03:40:25.000,-52.1864457387448,-32.7810610087476,"solar-geolocator","Petrochelidon pyrrhonota","H03","2401-22580","CLSW_Nebraska_2022"
25404579070,true,2022-02-14 15:40:34.000,-51.7943515429423,-33.6972763750234,"solar-geolocator","Petrochelidon pyrrhonota","H03","2401-22580","CLSW_Nebraska_2022"
25404579071,true,2022-02-15 03:41:37.000,-51.8397388538582,-34.0988180819682,"solar-geolocator","Petrochelidon pyrrhonota","H03","2401-22580","CLSW_Nebraska_2022"
25404579072,true,2022-02-15 15:41:34.000,-51.7250919404355,-34.5773913627167,"solar-geolocator","Petrochelidon pyrrhonota","H03","2401-22580","CLSW_Nebraska_2022"
25404579073,true,2022-02-16 03:40:26.000,-51.6410597371324,-34.9709628642264,"solar-geolocator","Petrochelidon pyrrhonota","H03","2401-22580","CLSW_Nebraska_2022"
25404579074,true,2022-02-16 15:42:12.000,-51.9813346138323,-35.2119628291496,"solar-geolocator","Petrochelidon pyrrhonota","H03","2401-22580","CLSW_Nebraska_2022"
25404579075,true,2022-02-17 03:43:35.000,-52.2481669820133,-35.1958577227173,"solar-geolocator","Petrochelidon pyrrhonota","H03","2401-22580","CLSW_Nebraska_2022"
25404579076,true,2022-02-17 15:43:04.000,-53.185960513462,-33.8044189306177,"solar-geolocator","Petrochelidon pyrrhonota","H03","2401-22580","CLSW_Nebraska_2022"
25404579077,true,2022-02-18 03:46:08.000,-53.2004104221425,-33.7980443089478,"solar-geolocator","Petrochelidon pyrrhonota","H03","2401-22580","CLSW_Nebraska_2022"
25404579078,true,2022-02-18 15:47:08.000,-53.6137799127438,-33.6556628809224,"solar-geolocator","Petrochelidon pyrrhonota","H03","2401-22580","CLSW_Nebraska_2022"
25404579079,true,2022-02-19 03:50:19.000,-53.8632485516287,-33.3243622717832,"solar-geolocator","Petrochelidon pyrrhonota","H03","2401-22580","CLSW_Nebraska_2022"
25404579080,true,2022-02-19 15:47:13.000,-53.3515391394226,-32.883070085856,"solar-geolocator","Petrochelidon pyrrhonota","H03","2401-22580","CLSW_Nebraska_2022"
25404579081,true,2022-02-20 03:43:55.000,-52.4741557653729,-32.6800221702109,"solar-geolocator","Petrochelidon pyrrhonota","H03","2401-22580","CLSW_Nebraska_2022"
25404579082,true,2022-02-20 15:41:57.000,-52.305267901913,-32.2258741592983,"solar-geolocator","Petrochelidon pyrrhonota","H03","2401-22580","CLSW_Nebraska_2022"
25404579083,true,2022-02-21 03:42:37.000,-52.1231357925156,-31.187621695389,"solar-geolocator","Petrochelidon pyrrhonota","H03","2401-22580","CLSW_Nebraska_2022"
25404579084,true,2022-02-21 15:37:56.000,-51.2968367304372,-30.6461046043984,"solar-geolocator","Petrochelidon pyrrhonota","H03","2401-22580","CLSW_Nebraska_2022"
25404579085,true,2022-02-22 03:37:27.000,-51.1293710555633,-30.6982870565666,"solar-geolocator","Petrochelidon pyrrhonota","H03","2401-22580","CLSW_Nebraska_2022"
25404579086,true,2022-02-22 15:41:00.000,-52.136633563613,-31.4952360034718,"solar-geolocator","Petrochelidon pyrrhonota","H03","2401-22580","CLSW_Nebraska_2022"
25404579087,true,2022-02-23 03:40:26.000,-52.249035127713,-32.2856207771044,"solar-geolocator","Petrochelidon pyrrhonota","H03","2401-22580","CLSW_Nebraska_2022"
25404579088,true,2022-02-23 15:41:29.000,-52.5272674473294,-32.7504229924955,"solar-geolocator","Petrochelidon pyrrhonota","H03","2401-22580","CLSW_Nebraska_2022"
25404579089,true,2022-02-24 03:41:30.000,-52.5459225423049,-32.7884215784525,"solar-geolocator","Petrochelidon pyrrhonota","H03","2401-22580","CLSW_Nebraska_2022"
25404579090,true,2022-02-24 15:40:02.000,-52.3203105287181,-32.6424928913953,"solar-geolocator","Petrochelidon pyrrhonota","H03","2401-22580","CLSW_Nebraska_2022"
25404579091,true,2022-02-25 03:44:15.000,-52.6309553439471,-32.6063526931644,"solar-geolocator","Petrochelidon pyrrhonota","H03","2401-22580","CLSW_Nebraska_2022"
25404579092,true,2022-02-25 15:41:41.000,-52.4124467789314,-32.5526372865789,"solar-geolocator","Petrochelidon pyrrhonota","H03","2401-22580","CLSW_Nebraska_2022"
25404579093,true,2022-02-26 03:37:33.000,-52.1740886896999,-32.6303659197477,"solar-geolocator","Petrochelidon pyrrhonota","H03","2401-22580","CLSW_Nebraska_2022"
25404579094,true,2022-02-26 15:41:14.000,-52.7331251100441,-33.1245432870694,"solar-geolocator","Petrochelidon pyrrhonota","H03","2401-22580","CLSW_Nebraska_2022"
25404579095,true,2022-02-27 03:41:15.000,-53.0216572343023,-33.2233310462211,"solar-geolocator","Petrochelidon pyrrhonota","H03","2401-22580","CLSW_Nebraska_2022"
25404579096,true,2022-02-27 15:39:22.000,-52.559124363694,-32.5253040053955,"solar-geolocator","Petrochelidon pyrrhonota","H03","2401-22580","CLSW_Nebraska_2022"
25404579097,true,2022-02-28 03:41:30.000,-52.1060924443602,-31.2948932599809,"solar-geolocator","Petrochelidon pyrrhonota","H03","2401-22580","CLSW_Nebraska_2022"
25404579098,true,2022-02-28 15:34:16.000,-50.7731935101091,-30.703614833314,"solar-geolocator","Petrochelidon pyrrhonota","H03","2401-22580","CLSW_Nebraska_2022"
25404579099,true,2022-03-01 03:35:33.000,-50.9390123721382,-30.7455671041725,"solar-geolocator","Petrochelidon pyrrhonota","H03","2401-22580","CLSW_Nebraska_2022"
25404579100,true,2022-03-01 15:41:22.000,-52.3311659222698,-31.8145116876594,"solar-geolocator","Petrochelidon pyrrhonota","H03","2401-22580","CLSW_Nebraska_2022"
25404579101,true,2022-03-02 03:43:25.000,-52.8949307781334,-32.7537463015794,"solar-geolocator","Petrochelidon pyrrhonota","H03","2401-22580","CLSW_Nebraska_2022"
25404579102,true,2022-03-02 15:44:02.000,-53.1061395524482,-33.20209835945,"solar-geolocator","Petrochelidon pyrrhonota","H03","2401-22580","CLSW_Nebraska_2022"
25404579103,true,2022-03-03 03:41:12.000,-52.7207298188616,-35.4007372287837,"solar-geolocator","Petrochelidon pyrrhonota","H03","2401-22580","CLSW_Nebraska_2022"
25404579104,true,2022-03-03 15:41:40.000,-52.4511213714406,-36.5449309202799,"solar-geolocator","Petrochelidon pyrrhonota","H03","2401-22580","CLSW_Nebraska_2022"
25404579105,true,2022-03-04 03:41:38.000,-52.28141879079,-37.2484814558937,"solar-geolocator","Petrochelidon pyrrhonota","H03","2401-22580","CLSW_Nebraska_2022"
25404579106,true,2022-03-04 15:38:47.000,-51.9036195194632,-37.2810996329594,"solar-geolocator","Petrochelidon pyrrhonota","H03","2401-22580","CLSW_Nebraska_2022"
25404579107,true,2022-03-05 03:38:50.000,-51.7195243742908,-37.1123500108286,"solar-geolocator","Petrochelidon pyrrhonota","H03","2401-22580","CLSW_Nebraska_2022"
25404579108,true,2022-03-05 15:40:10.000,-52.4890281560505,-36.5784270131207,"solar-geolocator","Petrochelidon pyrrhonota","H03","2401-22580","CLSW_Nebraska_2022"
25404579109,true,2022-03-06 03:42:30.000,-52.850587914394,-35.6406851951047,"solar-geolocator","Petrochelidon pyrrhonota","H03","2401-22580","CLSW_Nebraska_2022"
25404579110,true,2022-03-06 15:40:55.000,-53.279721246324,-33.6870066046333,"solar-geolocator","Petrochelidon pyrrhonota","H03","2401-22580","CLSW_Nebraska_2022"
25404579111,true,2022-03-07 03:40:56.000,-53.0872951798413,-33.2237688123636,"solar-geolocator","Petrochelidon pyrrhonota","H03","2401-22580","CLSW_Nebraska_2022"
25404579112,true,2022-03-07 15:35:04.000,-51.4307974686622,-32.8490923548141,"solar-geolocator","Petrochelidon pyrrhonota","H03","2401-22580","CLSW_Nebraska_2022"
25404579113,true,2022-03-08 03:34:40.000,-51.1114417080359,-32.6658998338255,"solar-geolocator","Petrochelidon pyrrhonota","H03","2401-22580","CLSW_Nebraska_2022"
25404579114,true,2022-03-08 15:32:27.000,-50.7387298040418,-32.4039914156864,"solar-geolocator","Petrochelidon pyrrhonota","H03","2401-22580","CLSW_Nebraska_2022"
25404579115,true,2022-03-09 03:33:03.000,-50.746208192356,-32.1716065892002,"solar-geolocator","Petrochelidon pyrrhonota","H03","2401-22580","CLSW_Nebraska_2022"
25404579116,true,2022-03-09 15:39:33.000,-52.6865127823233,-31.4489389353546,"solar-geolocator","Petrochelidon pyrrhonota","H03","2401-22580","CLSW_Nebraska_2022"
25404579117,true,2022-03-10 03:45:37.000,-53.6739511159138,-31.4972930527675,"solar-geolocator","Petrochelidon pyrrhonota","H03","2401-22580","CLSW_Nebraska_2022"
25404579118,true,2022-03-10 15:44:07.000,-53.5144066207482,-31.2592399180419,"solar-geolocator","Petrochelidon pyrrhonota","H03","2401-22580","CLSW_Nebraska_2022"
25404579119,true,2022-03-11 03:38:46.000,-52.1679535362677,-30.7594234651646,"solar-geolocator","Petrochelidon pyrrhonota","H03","2401-22580","CLSW_Nebraska_2022"
25404579120,true,2022-03-11 15:35:58.000,-51.6239223839459,-30.6064808670667,"solar-geolocator","Petrochelidon pyrrhonota","H03","2401-22580","CLSW_Nebraska_2022"
25404579121,true,2022-03-12 03:38:20.000,-52.1026154031581,-30.606828825376,"solar-geolocator","Petrochelidon pyrrhonota","H03","2401-22580","CLSW_Nebraska_2022"
25404579122,true,2022-03-12 15:42:23.000,-53.2545643889091,-30.5535823669816,"solar-geolocator","Petrochelidon pyrrhonota","H03","2401-22580","CLSW_Nebraska_2022"
25404579123,true,2022-03-13 03:47:08.000,-54.3326396935708,-30.6807506277303,"solar-geolocator","Petrochelidon pyrrhonota","H03","2401-22580","CLSW_Nebraska_2022"
25404579124,true,2022-03-13 15:47:36.000,-54.5502592220604,-30.4880423932146,"solar-geolocator","Petrochelidon pyrrhonota","H03","2401-22580","CLSW_Nebraska_2022"
25404579125,true,2022-03-14 03:48:17.000,-54.7316744698305,-30.1939733958207,"solar-geolocator","Petrochelidon pyrrhonota","H03","2401-22580","CLSW_Nebraska_2022"
25404579126,true,2022-03-14 15:50:46.000,-55.7835412414504,-29.8476771377148,"solar-geolocator","Petrochelidon pyrrhonota","H03","2401-22580","CLSW_Nebraska_2022"
25404579127,true,2022-03-15 03:48:10.000,-54.4243718524114,-29.3189213062533,"solar-geolocator","Petrochelidon pyrrhonota","H03","2401-22580","CLSW_Nebraska_2022"
25404579128,true,2022-03-15 15:40:22.000,-52.9755003713326,-28.9611481255406,"solar-geolocator","Petrochelidon pyrrhonota","H03","2401-22580","CLSW_Nebraska_2022"
25404579129,true,2022-03-16 03:40:15.000,-52.8820900837924,-28.8522712399919,"solar-geolocator","Petrochelidon pyrrhonota","H03","2401-22580","CLSW_Nebraska_2022"
25404579130,true,2022-03-16 15:46:20.000,-54.3482288161008,-28.817219169856,"solar-geolocator","Petrochelidon pyrrhonota","H03","2401-22580","CLSW_Nebraska_2022"
25404579131,true,2022-03-17 03:45:21.000,-53.7233317264828,-28.656660914096,"solar-geolocator","Petrochelidon pyrrhonota","H03","2401-22580","CLSW_Nebraska_2022"
25404579132,true,2022-03-17 15:42:05.000,-54.2159748383557,-28.0968800437028,"solar-geolocator","Petrochelidon pyrrhonota","H03","2401-22580","CLSW_Nebraska_2022"
25404579133,true,2022-03-18 03:40:34.000,-53.3168759914084,-27.2897263593163,"solar-geolocator","Petrochelidon pyrrhonota","H03","2401-22580","CLSW_Nebraska_2022"
25404579134,true,2022-03-18 15:38:27.000,-53.3750212060738,-26.1903915972041,"solar-geolocator","Petrochelidon pyrrhonota","H03","2401-22580","CLSW_Nebraska_2022"
25404579135,true,2022-03-19 03:43:44.000,-53.8929990035254,-25.827701458105,"solar-geolocator","Petrochelidon pyrrhonota","H03","2401-22580","CLSW_Nebraska_2022"
25404579136,true,2022-03-19 15:48:14.000,-55.1704470824534,-25.413797221501,"solar-geolocator","Petrochelidon pyrrhonota","H03","2401-22580","CLSW_Nebraska_2022"
25404579137,true,2022-03-20 03:47:59.000,-55.2098730683101,-24.5886238106415,"solar-geolocator","Petrochelidon pyrrhonota","H03","2401-22580","CLSW_Nebraska_2022"
25404579138,true,2022-03-20 15:47:50.000,-55.1308313315571,-23.7351256422025,"solar-geolocator","Petrochelidon pyrrhonota","H03","2401-22580","CLSW_Nebraska_2022"
25404579139,true,2022-03-21 03:45:47.000,-53.7476207604814,-22.51000862569,"solar-geolocator","Petrochelidon pyrrhonota","H03","2401-22580","CLSW_Nebraska_2022"
25404579140,true,2022-03-21 15:45:39.000,-53.7822912695979,-22.0849449644555,"solar-geolocator","Petrochelidon pyrrhonota","H03","2401-22580","CLSW_Nebraska_2022"
25404579141,true,2022-03-22 03:45:48.000,-53.9927536245526,-21.4972789539936,"solar-geolocator","Petrochelidon pyrrhonota","H03","2401-22580","CLSW_Nebraska_2022"
25404579142,true,2022-03-22 15:43:27.000,-54.4619929536837,-20.4090838235349,"solar-geolocator","Petrochelidon pyrrhonota","H03","2401-22580","CLSW_Nebraska_2022"
25404579143,true,2022-03-23 03:51:17.000,-56.134978391477,-19.7214914422306,"solar-geolocator","Petrochelidon pyrrhonota","H03","2401-22580","CLSW_Nebraska_2022"
25404579144,true,2022-03-23 15:49:03.000,-55.7922977418271,-19.7280569539314,"solar-geolocator","Petrochelidon pyrrhonota","H03","2401-22580","CLSW_Nebraska_2022"
25404579145,true,2022-03-24 03:56:03.000,-56.3657441427025,-19.5285000382926,"solar-geolocator","Petrochelidon pyrrhonota","H03","2401-22580","CLSW_Nebraska_2022"
25404579146,true,2022-03-24 15:58:02.000,-56.8253101147998,-19.4922733935289,"solar-geolocator","Petrochelidon pyrrhonota","H03","2401-22580","CLSW_Nebraska_2022"
25404579147,true,2022-03-25 03:51:22.000,-56.3975052182592,-19.2460687579642,"solar-geolocator","Petrochelidon pyrrhonota","H03","2401-22580","CLSW_Nebraska_2022"
25404579148,true,2022-03-25 15:54:55.000,-56.9493180330247,-18.717987740675,"solar-geolocator","Petrochelidon pyrrhonota","H03","2401-22580","CLSW_Nebraska_2022"
25404579149,true,2022-03-26 03:53:03.000,-57.1360459552658,-18.0249011094491,"solar-geolocator","Petrochelidon pyrrhonota","H03","2401-22580","CLSW_Nebraska_2022"
25404579150,true,2022-03-26 15:50:51.000,-56.04863453576,-16.9895114218344,"solar-geolocator","Petrochelidon pyrrhonota","H03","2401-22580","CLSW_Nebraska_2022"
25404579151,true,2022-03-27 03:48:10.000,-55.3962970469054,-16.6988333766995,"solar-geolocator","Petrochelidon pyrrhonota","H03","2401-22580","CLSW_Nebraska_2022"
25404579152,true,2022-03-27 15:48:25.000,-55.1139361966672,-16.4818261559544,"solar-geolocator","Petrochelidon pyrrhonota","H03","2401-22580","CLSW_Nebraska_2022"
25404579153,true,2022-03-28 03:47:50.000,-55.3050243914922,-15.6723412189834,"solar-geolocator","Petrochelidon pyrrhonota","H03","2401-22580","CLSW_Nebraska_2022"
25404579154,true,2022-03-28 15:47:03.000,-55.9954548030508,-14.9126638228119,"solar-geolocator","Petrochelidon pyrrhonota","H03","2401-22580","CLSW_Nebraska_2022"
25404579155,true,2022-03-29 03:49:05.000,-56.3528544879927,-14.1737405931695,"solar-geolocator","Petrochelidon pyrrhonota","H03","2401-22580","CLSW_Nebraska_2022"
25404579156,true,2022-03-29 15:50:17.000,-56.1539669894693,-13.5318645575758,"solar-geolocator","Petrochelidon pyrrhonota","H03","2401-22580","CLSW_Nebraska_2022"
25404579157,true,2022-03-30 03:53:15.000,-57.099210816656,-13.2924922380547,"solar-geolocator","Petrochelidon pyrrhonota","H03","2401-22580","CLSW_Nebraska_2022"
25404579158,true,2022-03-30 15:52:24.000,-57.211873852646,-13.0591045047347,"solar-geolocator","Petrochelidon pyrrhonota","H03","2401-22580","CLSW_Nebraska_2022"
25404579159,true,2022-03-31 04:01:12.000,-58.4389044940024,-12.9683418931427,"solar-geolocator","Petrochelidon pyrrhonota","H03","2401-22580","CLSW_Nebraska_2022"
25404579160,true,2022-03-31 16:00:12.000,-58.3530445193078,-12.9760029185555,"solar-geolocator","Petrochelidon pyrrhonota","H03","2401-22580","CLSW_Nebraska_2022"
25404579161,true,2022-04-01 03:56:40.000,-58.2253821671737,-12.75845759435,"solar-geolocator","Petrochelidon pyrrhonota","H03","2401-22580","CLSW_Nebraska_2022"
25404579162,true,2022-04-01 15:58:15.000,-58.5962113878215,-12.2644126931228,"solar-geolocator","Petrochelidon pyrrhonota","H03","2401-22580","CLSW_Nebraska_2022"
25404579163,true,2022-04-02 03:51:11.000,-57.1115994054001,-11.4755587164991,"solar-geolocator","Petrochelidon pyrrhonota","H03","2401-22580","CLSW_Nebraska_2022"
25404579164,true,2022-04-02 15:52:28.000,-57.7271271667067,-9.51067147269537,"solar-geolocator","Petrochelidon pyrrhonota","H03","2401-22580","CLSW_Nebraska_2022"
25404579165,true,2022-04-03 03:53:07.000,-57.4079013352015,-8.29909361454504,"solar-geolocator","Petrochelidon pyrrhonota","H03","2401-22580","CLSW_Nebraska_2022"
25404579166,true,2022-04-03 15:53:12.000,-57.7258697378953,-7.56498830584841,"solar-geolocator","Petrochelidon pyrrhonota","H03","2401-22580","CLSW_Nebraska_2022"
25404579167,true,2022-04-04 03:56:57.000,-58.5822022732706,-7.13553607893567,"solar-geolocator","Petrochelidon pyrrhonota","H03","2401-22580","CLSW_Nebraska_2022"
25404579168,true,2022-04-04 16:00:30.000,-59.2821746992374,-6.37766340822134,"solar-geolocator","Petrochelidon pyrrhonota","H03","2401-22580","CLSW_Nebraska_2022"
25404579169,true,2022-04-05 04:05:46.000,-60.737117742146,-5.98843861517102,"solar-geolocator","Petrochelidon pyrrhonota","H03","2401-22580","CLSW_Nebraska_2022"
25404579170,true,2022-04-05 16:12:32.000,-61.7921207732813,-5.6029772778618,"solar-geolocator","Petrochelidon pyrrhonota","H03","2401-22580","CLSW_Nebraska_2022"
25404579171,true,2022-04-06 04:22:33.000,-65.0312748531636,-4.89869396871357,"solar-geolocator","Petrochelidon pyrrhonota","H03","2401-22580","CLSW_Nebraska_2022"
25404579172,true,2022-04-06 16:31:28.000,-66.590687865609,-4.24777106553148,"solar-geolocator","Petrochelidon pyrrhonota","H03","2401-22580","CLSW_Nebraska_2022"
25404579173,true,2022-04-07 04:39:50.000,-69.4684015356915,-2.63975414830684,"solar-geolocator","Petrochelidon pyrrhonota","H03","2401-22580","CLSW_Nebraska_2022"
25404579174,true,2022-04-07 16:44:24.000,-70.4436331049205,-1.88173536007512,"solar-geolocator","Petrochelidon pyrrhonota","H03","2401-22580","CLSW_Nebraska_2022"
25404579175,true,2022-04-08 04:44:37.000,-70.7220241410364,-1.05554811728816,"solar-geolocator","Petrochelidon pyrrhonota","H03","2401-22580","CLSW_Nebraska_2022"
25404579176,true,2022-04-08 16:46:24.000,-71.1636650258396,-0.528270738852968,"solar-geolocator","Petrochelidon pyrrhonota","H03","2401-22580","CLSW_Nebraska_2022"
25404579177,true,2022-04-09 04:50:51.000,-72.2571162169902,-0.201978488339043,"solar-geolocator","Petrochelidon pyrrhonota","H03","2401-22580","CLSW_Nebraska_2022"
25404579178,true,2022-04-09 16:54:07.000,-72.95449982987,0.0735345146455425,"solar-geolocator","Petrochelidon pyrrhonota","H03","2401-22580","CLSW_Nebraska_2022"
25404579179,true,2022-04-10 05:00:24.000,-74.3361534674852,0.641066963381639,"solar-geolocator","Petrochelidon pyrrhonota","H03","2401-22580","CLSW_Nebraska_2022"
25404579180,true,2022-04-10 17:03:33.000,-75.0162663209137,1.08218121708375,"solar-geolocator","Petrochelidon pyrrhonota","H03","2401-22580","CLSW_Nebraska_2022"
25404579181,true,2022-04-11 05:01:08.000,-75.0077652958205,1.37548322392519,"solar-geolocator","Petrochelidon pyrrhonota","H03","2401-22580","CLSW_Nebraska_2022"
25404579182,true,2022-04-11 17:03:55.000,-75.6766727341058,1.83828014667114,"solar-geolocator","Petrochelidon pyrrhonota","H03","2401-22580","CLSW_Nebraska_2022"
25404579183,true,2022-04-12 05:04:57.000,-76.1349814215973,2.1871218109115,"solar-geolocator","Petrochelidon pyrrhonota","H03","2401-22580","CLSW_Nebraska_2022"
25404579184,true,2022-04-12 17:02:12.000,-75.9400239541798,2.30303807705362,"solar-geolocator","Petrochelidon pyrrhonota","H03","2401-22580","CLSW_Nebraska_2022"
25404579185,true,2022-04-13 05:05:14.000,-76.629304733034,2.34928976200638,"solar-geolocator","Petrochelidon pyrrhonota","H03","2401-22580","CLSW_Nebraska_2022"
25404579186,true,2022-04-13 17:11:00.000,-77.4443173408287,2.55535142351142,"solar-geolocator","Petrochelidon pyrrhonota","H03","2401-22580","CLSW_Nebraska_2022"
25404579187,true,2022-04-14 05:11:09.000,-77.6604729632521,2.71790019840925,"solar-geolocator","Petrochelidon pyrrhonota","H03","2401-22580","CLSW_Nebraska_2022"
25404579188,true,2022-04-14 17:10:44.000,-77.3507787491184,3.489128428619,"solar-geolocator","Petrochelidon pyrrhonota","H03","2401-22580","CLSW_Nebraska_2022"
25404579189,true,2022-04-15 05:05:55.000,-76.5657166927847,5.01427474804628,"solar-geolocator","Petrochelidon pyrrhonota","H03","2401-22580","CLSW_Nebraska_2022"
25404579190,true,2022-04-15 17:05:20.000,-76.4189132013747,3.84086198071003,"solar-geolocator","Petrochelidon pyrrhonota","H03","2401-22580","CLSW_Nebraska_2022"
25404579191,true,2022-04-16 05:11:24.000,-76.9754060472168,3.21198018475143,"solar-geolocator","Petrochelidon pyrrhonota","H03","2401-22580","CLSW_Nebraska_2022"
25404579192,true,2022-04-16 17:09:52.000,-76.5687994029062,5.0519673689987,"solar-geolocator","Petrochelidon pyrrhonota","H03","2401-22580","CLSW_Nebraska_2022"
25404579193,true,2022-04-17 05:01:05.000,-75.6174706233415,7.44027907472249,"solar-geolocator","Petrochelidon pyrrhonota","H03","2401-22580","CLSW_Nebraska_2022"
25404579194,true,2022-04-17 17:03:30.000,-75.4447393385032,9.21576863820268,"solar-geolocator","Petrochelidon pyrrhonota","H03","2401-22580","CLSW_Nebraska_2022"
25404579195,true,2022-04-18 05:06:16.000,-76.8896063490369,11.0045829742638,"solar-geolocator","Petrochelidon pyrrhonota","H03","2401-22580","CLSW_Nebraska_2022"
25404579196,true,2022-04-18 17:11:52.000,-78.0742472457997,12.2134381773524,"solar-geolocator","Petrochelidon pyrrhonota","H03","2401-22580","CLSW_Nebraska_2022"
25404579197,true,2022-04-19 05:15:35.000,-79.2772186174341,13.3862730824988,"solar-geolocator","Petrochelidon pyrrhonota","H03","2401-22580","CLSW_Nebraska_2022"
25404579198,true,2022-04-19 17:20:21.000,-80.1193900899241,14.2450460103775,"solar-geolocator","Petrochelidon pyrrhonota","H03","2401-22580","CLSW_Nebraska_2022"
25404579199,true,2022-04-20 05:23:30.000,-81.2741630056598,15.3403890313394,"solar-geolocator","Petrochelidon pyrrhonota","H03","2401-22580","CLSW_Nebraska_2022"
25404579200,true,2022-04-20 17:31:29.000,-83.1566035998751,16.5901194904455,"solar-geolocator","Petrochelidon pyrrhonota","H03","2401-22580","CLSW_Nebraska_2022"
25404579201,true,2022-04-21 05:34:03.000,-84.0460717229076,17.9203550817682,"solar-geolocator","Petrochelidon pyrrhonota","H03","2401-22580","CLSW_Nebraska_2022"
25404579202,true,2022-04-21 17:39:57.000,-87.164638693044,19.7700951315238,"solar-geolocator","Petrochelidon pyrrhonota","H03","2401-22580","CLSW_Nebraska_2022"
25404579203,true,2022-04-22 05:45:11.000,-87.2972363433073,19.9904852339035,"solar-geolocator","Petrochelidon pyrrhonota","H03","2401-22580","CLSW_Nebraska_2022"
25404579204,true,2022-04-22 17:48:44.000,-87.8696600595406,19.9997262212483,"solar-geolocator","Petrochelidon pyrrhonota","H03","2401-22580","CLSW_Nebraska_2022"
25404579205,true,2022-04-23 05:54:23.000,-88.7443041835722,19.8687849292684,"solar-geolocator","Petrochelidon pyrrhonota","H03","2401-22580","CLSW_Nebraska_2022"
25404579206,true,2022-04-23 17:56:12.000,-89.1315056405697,19.6981216674253,"solar-geolocator","Petrochelidon pyrrhonota","H03","2401-22580","CLSW_Nebraska_2022"
25404579207,true,2022-04-24 05:54:49.000,-89.3557138220077,19.7092342737349,"solar-geolocator","Petrochelidon pyrrhonota","H03","2401-22580","CLSW_Nebraska_2022"
25404579208,true,2022-04-24 17:58:53.000,-90.0889844004841,19.6789037808971,"solar-geolocator","Petrochelidon pyrrhonota","H03","2401-22580","CLSW_Nebraska_2022"
25404579209,true,2022-04-25 06:00:01.000,-90.525728704206,19.675500958902,"solar-geolocator","Petrochelidon pyrrhonota","H03","2401-22580","CLSW_Nebraska_2022"
25404579210,true,2022-04-25 18:07:59.000,-90.6571126380177,19.803374114823,"solar-geolocator","Petrochelidon pyrrhonota","H03","2401-22580","CLSW_Nebraska_2022"
25404579211,true,2022-04-26 06:14:01.000,-94.1329654345968,21.676565301756,"solar-geolocator","Petrochelidon pyrrhonota","H03","2401-22580","CLSW_Nebraska_2022"
25404579212,true,2022-04-26 18:17:04.000,-97.0288413542824,21.6711140846306,"solar-geolocator","Petrochelidon pyrrhonota","H03","2401-22580","CLSW_Nebraska_2022"
25404579213,true,2022-04-27 06:23:02.000,-97.208937062336,21.6825339550497,"solar-geolocator","Petrochelidon pyrrhonota","H03","2401-22580","CLSW_Nebraska_2022"
25404579214,true,2022-04-27 18:28:41.000,-97.5543813595796,21.9324475811285,"solar-geolocator","Petrochelidon pyrrhonota","H03","2401-22580","CLSW_Nebraska_2022"
25404579215,true,2022-04-28 06:27:41.000,-97.9860435940385,24.7250606122064,"solar-geolocator","Petrochelidon pyrrhonota","H03","2401-22580","CLSW_Nebraska_2022"
25404579216,true,2022-04-28 18:31:45.000,-98.4554867680087,25.3617526221305,"solar-geolocator","Petrochelidon pyrrhonota","H03","2401-22580","CLSW_Nebraska_2022"
25404579217,true,2022-04-29 06:35:11.000,-99.3902921906042,25.9873468528247,"solar-geolocator","Petrochelidon pyrrhonota","H03","2401-22580","CLSW_Nebraska_2022"
25404579218,true,2022-04-29 18:39:10.000,-100.077557994525,26.5502968584823,"solar-geolocator","Petrochelidon pyrrhonota","H03","2401-22580","CLSW_Nebraska_2022"
25404579219,true,2022-04-30 06:38:44.000,-100.503392676405,27.409997238532,"solar-geolocator","Petrochelidon pyrrhonota","H03","2401-22580","CLSW_Nebraska_2022"
25404579220,true,2022-04-30 18:42:06.000,-101.072040642347,27.8330584176346,"solar-geolocator","Petrochelidon pyrrhonota","H03","2401-22580","CLSW_Nebraska_2022"
25404579221,true,2022-05-01 06:46:39.000,-102.087547986387,28.2661619398083,"solar-geolocator","Petrochelidon pyrrhonota","H03","2401-22580","CLSW_Nebraska_2022"
25404579222,true,2022-05-01 18:49:33.000,-102.586275537648,28.6333655144946,"solar-geolocator","Petrochelidon pyrrhonota","H03","2401-22580","CLSW_Nebraska_2022"
25404579223,true,2022-05-02 06:53:42.000,-102.83178492726,29.1018468295008,"solar-geolocator","Petrochelidon pyrrhonota","H03","2401-22580","CLSW_Nebraska_2022"
25404579224,true,2022-05-02 18:57:03.000,-103.122338566599,29.9785882143294,"solar-geolocator","Petrochelidon pyrrhonota","H03","2401-22580","CLSW_Nebraska_2022"
25404579225,true,2022-05-03 06:50:02.000,-103.162813431417,30.8752167227237,"solar-geolocator","Petrochelidon pyrrhonota","H03","2401-22580","CLSW_Nebraska_2022"
25404579226,true,2022-05-03 18:49:59.000,-102.702368492427,32.0123413918127,"solar-geolocator","Petrochelidon pyrrhonota","H03","2401-22580","CLSW_Nebraska_2022"
25404579227,true,2022-05-04 06:41:58.000,-101.509237514092,33.2224895338555,"solar-geolocator","Petrochelidon pyrrhonota","H03","2401-22580","CLSW_Nebraska_2022"
25404579228,true,2022-05-04 18:34:44.000,-100.717499281244,34.1014107927322,"solar-geolocator","Petrochelidon pyrrhonota","H03","2401-22580","CLSW_Nebraska_2022"
25404579229,true,2022-05-05 06:32:04.000,-100.504167833946,34.9743440298104,"solar-geolocator","Petrochelidon pyrrhonota","H03","2401-22580","CLSW_Nebraska_2022"
25404579230,true,2022-05-05 18:41:12.000,-100.552569587,36.139348705824,"solar-geolocator","Petrochelidon pyrrhonota","H03","2401-22580","CLSW_Nebraska_2022"
25404579231,true,2022-05-06 06:36:51.000,-100.099140253707,37.1104681201684,"solar-geolocator","Petrochelidon pyrrhonota","H03","2401-22580","CLSW_Nebraska_2022"
